答：图像主要压缩方式分为有损数据压缩和无损数据压缩,1
答：矢量图的清晰度与分辨率的大小无关，对矢量图进行缩放时，图形对象仍保持原有的清晰度和光滑度，不会发生任何偏差,3
答：多媒体系统常用的一些计算机外部设备包括：输入设备中的键盘、鼠标器、扫描仪、数码相机和语音输入系统、手写输入系统、IC卡输入系统，输出设备中的显示系统、各种打印机和绘图仪，软盘存储器、硬盘存储器、外存储设备，多媒体设备中的光盘驱动器、声卡、音箱、视频卡、电视接收卡、SCSI卡及摄像头等多媒体适配器,3
?,6
答：多媒体计算机系统由多媒体计算机硬件和多媒体计算机软件两部分组成,1
多媒体技术，是指采用计算机技术，将各种媒体以数字化的方式集成在一起，从而使计算机具有了能同时获取、处理、编辑、存储和展示多体信息的能力,1
多媒体类型有以下几种：(1)文本:由语言文字和符号字符组成的数据文件,1
(7)三维模型：三维模型示物体的多边形表示，通常用计算机或者其它设备进行显示,1
1.设置字段的输入掩码：输入掩码（inputmask）主要用于设置字段（在表和查询中）、文本框以及组合框（在窗体中）中的数据格式，并可以对允许输入的数据类型进行控制,1
输入掩码表达式主要由起分隔作用的原义字符（例如空格、点、下划线、括号）、文本字符和特殊字符组成，特殊字符将决定输入的数字类型,1
输入掩码属性主要用于文本、日期/时间、数据字和货币字段,1
2.设置有效性规则和有效性文本：?用于输入数据是，当违反了有效性规则时显示提示信息,3
如果没有设置该属性，则显示系统给出的提示信息,3
它允许设置的最大长度是255个字符，输入数据时有时需要限定输入数据的内容，如:性别只允许输入“男”或“女”，成绩的值在0―100之间等，这些通过设置有效性规则和有效性文本实现,2
3.默认值：用于指定一个数据在新增加的记录中自动被输入到字段中,1
可以是一个常量，也可以是一个表达式,3
最大长度是255个字符,1
添加新记录时自动向此字段分配指定值,2
建表方法：1、使用设计器创建表：先设计表结构，然后修改属性，最后录入数据2、使用数据表视图创建表：直接点击添加，修改字段类型、属性和字段名，最后录入数据3、通过数据导入创建表：点击获取外部数据，选择要导入数据的类型，按向导导入即可建表要素：字段名称、数据类型、字段大小三种视图模式：列表视图、设计视图、数据表视图,5
数据库概念模型的作用：1、收集信息；2、标识对象；3、建立对象间的关系；4、标识对象信息模型，目的是建立信息结构,1
老师您好！我的Excel作业中的第3题给出名单中的学号出现相同的了用不用改？,6
老师您好！作业内容可以用一个word文档提交么？,6
老师，你好，我们学习的时间较晚，错过了第一章和第二章的测试能够补做么？,6
谢谢老师的指导，我会努力，学好后面的课程,6
老师，您好！感谢您百忙之中还能够给我回复信息,6
我想知道如果只是错过前两章的学习，这一轮学习结束后能毕业么？能够本轮学习的课时数么？谢谢！,6
太多的闪烁和运动画面会让听众注意力分散甚至感到烦躁,4
在一个图表中如果需要出现两组数值相差很大的数据以两种类型图表显示时，需要采用次坐标轴，次要坐标轴可以更精确的定位图标的X，Y轴，可以更清晰的分析数据,3
选中图表，会出现图表工具，选择图表工具中的布局选项卡，找到坐标轴栏，点击“坐标轴”下方的黑三角，在相应的横纵坐标轴中，选“其他主要横坐标轴选项”或“其他主要纵坐标轴”选项，选取自动即可,5
根据工作表某一列构造一个筛选条件使用通配符“*”进行高级筛选,5
“*”代表若干个字符,1
以《学生基本信息表》为例，查找姓“李”的所有学生的记录(如表1所示),2
操作步骤：表1学生基本信息表(1)建立条件区域：在数据区域外的单元格B15中输入被筛选的字段名“姓名”，在其下方的单元格B16中输入筛选条件“李*”,5
(2)使用“数据”选项卡上“排序和筛选”组中的“高级”命令，弹出“高级筛选”对话框，选择筛选方式中的“将筛选结果复制到其它位置”单选按钮(如图所示),5
(3)分别将“列表区域”设置为“$A$2:$G$13”；“条件区域”设置为“$B$15:$B$16”；“复制到”设置为“$A$18:$G$18”,5
(4)单击“确定”按钮，系统会自动将符合条件的记录筛选出来并复制到指定的从A18开始的单元格区域中(如表2所示),5
表2筛选结果,6
1在工作簿中单击“文件”按钮,5
2在左侧单击“选项”命令,5
1弹出“Excel选项”对话框，切换至“高级”选项卡,5
2单击“编辑自定义列表”按钮,5
1在“自定义序列”列表框中单击“新序列”选项,5
2在“输入序列”文本框中输入自定义的序列内容，每个条目之间都换新行,5
3单击“添加”按钮,5
1此时在“自定义序列”列表框中显示自定义的序列内容,5
2单击“确定”按钮,5
1返回工作表，在活动单元格中输入自定义序列中的任意条目，并将其选中,5
2利用自动填充柄填充即可,5
快捷键操作：Ctrl+C――复制、Ctrl+V――粘贴、Ctrl+Z――撤销、Ctrl+X――剪切、Ctrl+Y――恢复鼠标操作选定一个单词：在要选定的单词中双击鼠标选定一个句子：按住Ctrl，单击句中任意位置选定一行：在该行的文本选择区单击鼠标或Shift+End选定连续多行：在文本选择区单击第一行并拖到最后一行选定一个段落：双击该段对应的文本选择区或在段落中任意处三击选定任意连续文本：使用鼠标从文本的第一个字符拖动到最后一个字符选定整个文档：在文本选择区的任意位置三击鼠标或Ctrl+A选定矩形文本区：按住Alt，使用鼠标从选定区域的左上角拖动到右下角,
格式刷：分为打击和双击两种，用于快速复制格式，用它“刷”格式，可以快速将指定段落或文本的格式延用到其他段落或文本上，让我们免受重复设置之苦！样式：属于已经预设好的内容，直接套用，方便简洁，节约时间,
一般认为是四种：1针对文字输入的“草稿视图”、2针对网页制作的“Web版式视图”、3针对排版打印的“页面视图”、4针对组织文稿的“大纲视图”、5“阅读试图”,
草稿视图是默认的视图方式，草稿视图简化了页面的布局，这样可快速键入或编辑文字,
Web版式视图主要用于HTML文档的编辑，HTML（*.htm）是Web网页格式文件，在Web版式视图方式下编辑文档，可以更准确地看到其在Web浏览器中显示的效果,
页面视图是页面形式显示文档，此时的显示的内容与打印出来的效果一样,
用户可以看见纸的边缘，可以看见设置的页眉及页脚以及页边距,
大纲视图显示文档的层次结构，如章、节、标题等，这对于长文档来说，可以让用户清晰地看到它的概况简要,
批注和修订的主要作用：批注：对部分文字操作，批注插入到文档的页边距处出现的批注框中,
便于阅读文本，分析文本，当审阅修订和批注时，可以接受或拒绝每一项更改,
修订：也是一种操作，所以修订的过程在修订完成后也将以批注的形式在文段附近展示,
段落格式主要包括：对齐方式、缩进和间距、换行和分页、版式设置、项目符号和编号,
字符格式设置主要包括：字体类型的设置、字体大小的设置、字体样式的设置、字符间距、文字效果，还有其他相关设置：颜色、背景色、边框和底纹、段落、首字下浮、缩放比例、下划线、加粗等,
写字板是Windows自带的一个工具，只带有一些基本的文字处理功能，支持rtf格式，是word的雏形，容量较记事本大,
记事本只能输入文字，不能插入图片，文件格式默认为txt,
但是可以保存多种格式，记事本用于纯文本文档的编辑，功能没有写字板强大，适于编写一些篇幅短小的文件，由于它使用方便、快捷，应用也是比较多的,
Word是MicrosoftOffice中的一个组件，功能十分强大，多用于对文字信息进行加工处理，可以进行图文混排、表格处理，支持多种格式，也可以进行相应的转换，文件格式多为.doc,
程序=数据结构+算法+程序设计方法+语言工具和环境，在程序中要指定数据类型和数据组织形式即为数据结构，而算法是一组（有限）规则，它为某个特定问题提供了运算序列,
数据结构完全可以只讲数据的存储方法和算法的逻辑逻辑过程，可以不涉及具体实现过程，算法无不依附于具体的数据结构，数据结构直接关系到算法的选择和效率,
在实现一种数据的存储和一个算法的求解过程时，你可以选择应用不同的程序设计语言来达到目的，同一个算法，既可以使用不同的语言来实现，而在选定某一工具来实现算法时,
程序的三种基本控制结构：顺序结构、选择结构、循环结构1、顺序结构：语句由语句序列组成，程序执行时，按照语句的顺序，从上而下，一条一条地顺序执行,
计算机语言的发展是从低级语言向高级语言过度的过程，机器语言、汇编语言属于低级语言，机器语言是直接用二进制代码指令表达的计算机语言，汇编语言是面向机器,
我们把独立于机器，用户不必考虑与机器硬件有关的细节，功能更强、更抽象的面向用户、面向各种应用的语言称为高级语言,
C语言，它的特点是：1.简洁紧凑、灵活方便；2.运算符丰富；3.数据结构丰富；4.C是结构式语言；5.C语法限制不太严格、程序设计自由度大；6.C语言允许直接访问物理地址，；7.C语言程序生成代码质量高，；8.C语言适用范围大，可移植性好,
JAVA，目前用于大型企业的网页开发系统或手机平台游戏上，开发效率高；vb界面化，简单，初学者入门的语言，执行速度慢，可以用于一些应用程序；dephi，界面化，主要用于桌面软件的编写，有时还是编写木马的选择,
HTML（HypertextMarkupLanguage）/是用于描述网页文档的超文本标记语言JavaScript/是一种通用的、基于原型的、面向对象的脚本语言,
常用办公软件：word用于文字处理；excel用于大数据的编辑、分析及处理；Powerpoint宣传幻灯片及课件制作；图形处理软件：Photoshop、CorelDRAW用于平面图形制作、设计及编辑aotocad：计算机辅助图形设计软件网页制作软件：Frontpage、Dreamweaver（html或htm、asp），视频编辑软件：会声会影（avi）、premiere用于影片的编辑与制作网页浏览器：InternetExplorer（简称IE）上网时进行网页浏览flash：动画制作和编辑软件,
附件主要包括如下工具：1、系统工具：用来进行系统还原、磁盘清理和整理磁盘碎片,
3、计算器：他可以代替日常生活中的计算器，不仅可以用于基本计算，还可以进行高级的科学计算和统计计算,
4、记事本：来创建编辑文本文件的程序，只能处理纯文本内容,
5、写字板：比“记事本”多了工具栏、格式栏、标尺，可以对文本进行格式化,
6、画图：它提供了完整的绘图工具和选择颜料的调色板，可以用来用来画图及存储屏幕打印图片,
鼠标是一种指点式输入设备，多用于Windows环境,
鼠标的基本操作有四种：1、指向：将鼠标指针移动到屏幕的某个特定的位置或对象上，为下一个操作作准备,
2、单击：迅速按下鼠标左键，常用于选定鼠标指针指向的某个对象或命令,
3、双击：快速连续的按两下鼠标左键，常用于启动某个选定的应用程序，或打开鼠标指针指向的文件,
4、拖动：按住鼠标左键不放，同时移动鼠标，将鼠标指向另一个位置，常用于对选定对象从一个地方移动或复制到另一个地方,
鼠标的其他操作：右键单击调用快捷菜单，中间的滚轮可以上下翻看屏幕,
桌面：桌面基本上是由快捷图标和任务栏的构成，其中快捷图标常见的有我的文档、我的电脑、网上邻居、回收站；任务栏的组成有【开始】菜单按钮、快速启动区、窗口按钮区、指示区,
窗体构成：标题栏、菜单栏、工具栏、工作区域、状态栏、滚动栏（1）标题栏处于窗口上方的最上方蓝条区域，标题栏左边有控制菜单图表和窗口中程序的名称，右侧为最大化、最小化、关闭按钮区,
（2）菜单栏位于标题栏的下边，提供了应用程序进行各种操作的菜单,
（3）工具栏位于菜单栏下方，它以按扭的形式给出了用户最经常使用的一些命令,
（4）工作区域在窗口中间的区域，窗口的输入输出都在它里面进行,
（5）状态栏位于窗口底部，显示运行程序的当前状态，通过它用户可以了解到程序运行的情况,
（6）滚动条如果窗口中显示的内容过多，当前可见的部分不够显示时，窗口就会出现滚动条，分为水平与垂直两种,
操作系统的类型主要有：DOS操作系统、Windows操作系统、UNIX操作系统、Linux操作系统,
不同的操作系统有着不同的特点，下面介绍一下他们各自的特点：1、DOS操作系统特点：1）单用户单任务操作系统；2）16位的系统，以命令的方式运行指令；3）文件管理方便，4）系统体积小,
2、Windows操作系统：1）多任务处理；2）图形用户界面；3）有效的内存格式；4）支持多文件系统各式（FAT32、NTFS）；5）支持多媒体系统；6）支持网络应用；7）可靠性强；8）支持新硬件,
3、UNIX操作系统：1）良好的可移植性；2）多用户、多任务；3）内核短小精悍；4）采用树形的文件系统管理文件；5）把设备如同文件一样管理；6）安全机制完善；7）提供了丰富的网络功能；8）提供了完美而强大的文本处理工具,
4、Linux操作系统：1）是一款免费的操作系统，源代码公开，可以免费获得的自由软件；2）多用户、多任务的操作系统；3）提供了命令行方式的用户界面，4）可靠安全，性能稳定；5）支持多种平台,
使用一些工具对磁盘进行（）和维护，可以有效地避免出现磁盘问题，从而保持系统的稳定性,
刘琳,
系统工具软件：磁盘碎片的清理与整理、任务管理器等压缩软件工具：用于文件的存储与传输下载工具：下载资源，加快下载速度多媒体工具：视频播放工具、音乐播放器等安全工具：查杀毒软件，聊天工具：方便交流沟通windows系统工具软件作用：维护系统的正常的运行优化系统使得到最佳的运行效果管理系统,
win7系统的兼容性怎么没xp的好？,
1、网卡：是使计算机联网的设备，负责将用户要传递的数据转换为网络上其他设备能够识别的格式，通过网络介质传输,
PCM（PulseCodeModulation）脉冲编码调制是一种模数转换的最基本编码方法,
它把模拟信号转换成数字信号的过程称为模/数转换，它主要包括：采样：在时间轴上对信号数字化；量化：在幅度轴上对信号数字化；编码：按一定格式记录采样和量化后的数字数据,
1、矢量图矢量图又叫向量图，是用一系列计算机指令来描述和记录一幅图，一幅图可以解为一系列由点、线、面等到组成的子图，它所记录的是对象的几何形状、线条粗细和色彩等,
生成的矢量图文件存储量很小，特别适用于文字设计、图案设计、版式设计、标志设计、计算机辅助设计（CAD）、工艺美术设计、插图等,
矢量图只能表示有规律的线条组成的图形，如工程图、三维造型或艺术字等；对于由无规律的像素点组成的图像（风景、人物、山水），难以用数学形式表达，不宜使用矢量图格式；其次矢量图不容易制作色彩丰富的图像，绘制的图像不很真实，并且在不同的软件之间交换数据也不太方便,
另外，矢量图像无法通过扫描获得，它们主要是依靠设计软件生成,
矢量绘图程序定义（像数学计算）角度、圆弧、面积以及与纸张相对的空间方向，包含赋予填充和轮特征性的线框,
常见的矢量图处理软件有CoreIDRAW、AutoCAD、Illustrator和FreeHand等,
2、位图位图又叫点阵图或像素图，计算机屏幕上的图你是由屏幕上的发光点（即像素）构成的，每个点用二进制数据来描述其颜色与亮度等信息，这些点是离散的，类似于点阵,
多个像素的色彩组合就形成了图像，称之为位图,
位图在放大到一定限度时会发现它是由一个个小方格组成的，这些小方格被称为像素点，一个像素是图像中最小的图像元素,
在处理位图图像时，所编辑的是像素而不是对象或形状，它的大小和质量取决于图像中的像素点的多少，每平方英寸中所含像素越多，图像越清晰，颜色之间的混和也越平滑,
计算机存储位图像实际上是存储图像的各个像素的位置和颜色数据等到信息，所以图像越清晰，像素越多，相应的存储容量也越大,
位图图像与矢量图像相比更容易模仿照片似的真实效果,
位图图像的主要优点在于表现力强、细腻、层次多、细节多，可以十分容易的模拟出像照片一样的真实效果,
由于是对图像中的像素进行编辑，所以在对图像进行拉伸、放大或缩小等到处理时，其清晰度和光滑度会受到影响,
位图图像可以通过数字相机、扫描或PhotoCD获得，也可以通过其他设计软件生成位图图像，也称点阵图像或绘制图像，是由称作像素的单个点组成的,
当放大位图时，可以看见构成图像的单个图片元素,
扩大位图尺寸就是增大单个像素，会使线条和形状显得参差不齐,
但是如果从稍远一点的位置观看，位图图像的颜色和形状又是连续的，这就是位图的特点,
矢量图像，也称绘图图像，在数学上定义为一系列点与点之间的关系，矢量图可以任意放大或缩小而不会出现图像失真现象,
主要特点：数据的结构化，数据的共享性好，数据的独立性好，数据存储粒度小，数据管理系统，为用户提供了友好的接口,
"数据库系统的核心和基础，是数据模型,现有的数据库系统均是基于某种数据模型的",
数据库系统的核心是数据库管理系统,
数据库系统一般由数据库、数据库管理系统（DBMS）、应用系统、数据库管理员和用户构成,
DBMS是数据库系统的基础和核心,
主要构成：数据库系统一般由4个部分组成：（1）数据库（database，DB）是指长期存储在计算机内的，有组织，可共享的数据的集合,
数据库中的数据按一定的数学模型组织、描述和存储，具有较小的冗余，较高的数据独立性和易扩展性，并可为各种用户共享,
（2）硬件：构成计算机系统的各种物理设备，包括存储所需的外部设备,
硬件的配置应满足整个数据库系统的需要,
（3）软件：包括操作系统、数据库管理系统及应用程序,
数据库管理系统（databasemanagementsystem，DBMS）是数据库系统的核心软件，是在操作系统的支持下工作，解决如何科学地组织和存储数据，如何高效获取和维护数据的系统软件,
其主要功能包括：数据定义功能、数据操纵功能、数据库的运行管理和数据库的建立与维护,
（4）人员：主要有4类,
第一类为系统分析员和数据库设计人员：系统分析员负责应用系统的需求分析和规范说明，他们和用户及数据库管理员一起确定系统的硬件配置，并参与数据库系统的概要设计,
数据库设计人员负责数据库中数据的确定、数据库各级模式的设计,
第二类为应用程序员，负责编写使用数据库的应用程序,
这些应用程序可对数据进行检索、建立、删除或修改,
第三类为最终用户，他们利用系统的接口或查询语言访问数据库,
第四类用户是数据库管理员（databaseadministrator，DBA），负责数据库的总体性息控制,
带有动画效果的幻灯片可以让你的演示文稿更加生动活泼，还可以控制信息演示流程并重点突出最关键的数据,
实现动画效果的通常办法是按照一定的顺序依次显示对象或者使用运动画面,
在使用动画的时候，要遵循动画的醒目、自然、适当、简化及创意原则,
?（问号）表示任何单个字符例如，sm?th查找“smith”和“smyth”*（星号）表示任何字符数例如，*east查找“Northeast”和“Southeast”~（波形符）表示后跟?、*或~问号、星号或波形符,
"1.""顶端居左，四周型文字环绕""2.""顶端居中，四周型文字环绕""3.""顶端居右，四周型文字环绕""4.""中间居左，四周型文字环绕""5.""中间居中，周型文字环绕""6.""中间居右，四周型文字环绕""7.""底端居左，四周型文字环绕""8.""底端居中，四周型文字环绕""9.""底端居右，四周型文字环绕""",
"样式:样式总体来说,就是统一格式,相当于进行一个预先格式规定,可以自定义段落\字体等内容.例如:我们预先对一篇文章的标题进行了样式的设定并把此样式命名为标题样保存在了模板中,此时要对另一篇文章的标题也应用同样的样式就可以先选中此文章的标题,单击格式工具栏最左边的下拉框(就是正文的那个)选择我们先前保存的样式名标题样单击一下即可把该文章的标题也应用同样的样式.格式刷:格式刷的功能基本同样式差不多,也是复制格式的,如我们把一篇文章的前两段设为三号宋体,想把后两段也设为三号宋体可选中前两段后双击格式刷进行格式复制,再把光标定在后两段上面进行拖动即可.(注:双击格式刷可以把复制的格式连续应用,单击只能用一次).不同的是样式所复制的格式可以随源文件样式的改变而改变,而格式刷不可以.",
节：可以在一页里面或两页之间改变文档的布局，一便进行小范围操作,
项目符号：根据内容的不同而以符号的形式表现出来,
分栏：分成各块的版面，利于形象化自由表达,
编号：给相关联的内容编号，利于阅读,
页面视图：此视图为文档默认视图，显示的文档页面与打印时完全相同.,
草稿视图：不显示页眉，页脚,
批注对部分文字或操作（删除、增加文字等）进行注解、诠释；修订是指修改格式、删除或增加内容,
字体类型的设置、字体大小的设置、字体样式的设置以及颜色、背景色、边框和底纹、间距、段落、首字下浮、缩放比例、下划线、加粗等,
高级语言：不能直接操作计算机底层操作系统，编写格式不受计算机限制,
与人类自然语言比较接近,
有C、C++、C#、vb、dephi、java等语言,
c/c++主要是底层的开发，比如操作系统或大型游戏，执行效率高；HTML（HypertextMarkupLanguage）/是用于描述网页文档的超文本标记语言；java，目前用于大型企业的网页开发系统或手机平台游戏上，开发效率高；,
officeword文字处理排版officeexcel电子表格制作和数据处理officeaccess基本的数据库处理软件officepowerpoint电子幻灯制作photoshop图像处理软件premiere非线性视频制作,
7、截图工具：用于截取重要凭证、资料文件等,
8、步骤记录器：可详细描述电脑故障问题,
Windows主要鼠标动作和作用：1、左键单击、双击打开或关闭或最小化目标文件或文件夹和网页,
2、右键单击激活属性等其它快捷功能,
3、滚轮拉动滚动条,
"桌面主要构成：快捷图标、回收站、任务栏、快捷菜单等窗体主要构成：标题栏、菜单栏、工具栏、工作区、状态栏、滚动条,通知区域等",
DOS：特点：单用户、单任务、命令行界面windows：基于图形化用户界面的操作系统；多任务处理、图形用户界面、有效的内存管理、支持多种文件系统格式、支持多媒体应用、支持网络应用UNIX：多用户、多任务的分时操作系统；良好的可移植性；内核短小精悍；采用树形结构的文件系统；把设备如同文件一样对待；安全机制完善；提供了丰富的网络功能Linux：源代码公开，可以免费获得的自由软件,
114.215.217.1151.202.188.113,
老师：您好！我刚注册了这个账号，前几天也对该课程进行了浏览，刚才我看见我的邮箱里，收到了一封来自中国大学MOOC平台给我发的一封邮件，说的是欢迎我参加中国大学MOOC《大学生计算机基础》课程，刚才登录后发现，该课程已经进行到第10周，即将结束，那么，我想请问一下，对于我初学而言，是否会影响我顺利结业？如果建议我退出该课程学习，那么，请问老师，我怎么能够实现？希望老师能够帮我解答一下，谢谢！,
课件上面的内容过于简单了，课后的练习很多内容应该都在教材上吧？如何获得呢？,
网络体系结构是指通信系统的整体设计，它为网络硬件、软件、协议、存取控制和拓扑提供标准,
有损方法非常适合于自然的图像，例如一些应用中图像的微小损失是可以接受的（有时是无法感知的），这样就可以大幅度地减小位速,
1、矢量图矢量图叫向量图用系列计算机指令描述记录幅图幅图解系列由点、线、面等组图所记录象几何形状、线条粗细色彩等矢量图文件存储量特别适用于文字设计、图案设计、版式设计、标志设计、计算机辅助设计（CAD）、工艺美术设计、插图等矢量图能表示规律线条组图形工程图、三维造型或艺术字等；于由规律像素点组图像（风景、物、山水）难用数形式表达宜使用矢量图格式；其矢量图容易制作色彩丰富图像绘制图像真实并且同软件间交换数据太便另外矢量图像通扫描获主要依靠设计软件矢量绘图程序定义（像数计算）角度、圆弧、面积及与纸张相空间向包含赋予填充轮特征性线框见矢量图处理软件CoreIDRAW、AutoCAD、IllustratorFreeHand等2、位图位图叫点阵图或像素图计算机屏幕图由屏幕发光点（即像素）构每点用二进制数据描述其颜色与亮度等信息些点离散类似于点阵像素色彩组合形图像称位图位图放定限度发现由格组些格称像素点像素图像图像元素处理位图图像所编辑像素象或形状质量取决于图像像素点少每平英寸所含像素越图像越清晰颜色间混越平滑计算机存储位图像实际存储图像各像素位置颜色数据等信息所图像越清晰像素越相应存储容量越位图图像与矢量图像相比更容易模仿照片似真实效位图图像主要优点于表现力强、细腻、层、细节十容易模拟像照片真实效由于图像像素进行编辑所图像进行拉伸、放或缩等处理其清晰度光滑度受影响位图图像通数字相机、扫描或PhotoCD获通其设计软件,
显示器，音箱，打印机，扫描仪，麦克风，耳机，触摸屏等,
一个多媒体计算机系统一般由四个部分构成：多媒体硬件平台（包括计算机硬件、声像等多种媒体的输入输出设备和装置）；多媒体操作系统（MPCOS）；图形用户接口（GUI）；支持多媒体数据开发的应用工具软件,
作用：逻辑建模是数据仓库实施中的重要一环，因为它能直接反映出业务部门的需求，同时对系统的物理实施有着重要的指导作用，它的作用在于可以通过实体和关系勾勒出企业的数据蓝图,
1.人工管理阶段,
特点：（1）数据不保存；（2）应用程序管理数据；（3）数据不共享；（4）数据不具有独立性2.文件系统阶段,
特点：（1）数据可以长期保存；（2）由文件系统管理数据；（3）数据共享性差，冗余度大；（4）数据独立性差3.数据库系统阶段,
特点：（1）数据结构化；（2）数据的共享性高，冗余度低，易扩充；（3）数据独立性高；（4）数据由DBMS统一管理和控制,
动画设计可以让PPT动起来，增加演示的生动性，适当的增加对象的进入、强调和退出效果，可以让幻灯片增色不少,
但是动画要注意适度，不是任何场合都必须使用,
首先根据教学内容的先后顺序有必要设置动画，增加逻辑性；其次，有的对象需要在幻灯片中做出一些动画和放大或闪烁效果，以作为强调，也需要动画来做辅助,
就跟写文章一样，先根据主题列出大纲，从几个方面介绍我的家乡，几个方面为景美，人美，物美,
标题幻灯片为主题，然后新建3个内容幻灯片，分别介绍三个方面为景美，人美，物美,
搜集相关的文字和图片，放到适合的页面中，做好排版，设置好自定义动画和幻灯片切换效果,
二维图表中不同的数据系列的数值范围变化很大，或在具有混合数据类型（例如价格和成交量）时，可在次值(y)坐标轴上绘制一个或多个数据系列,
次坐标轴的刻度反映了相应数据系列的值,
插入图表，进入“图标选项”，选择“坐标抽”，在主坐标轴中选择分类（X）轴，再选择“自动”即可,
如果要查找某些字符相同但其他字符不一定相同的文本值，可使用通配符,
例如以下通配符可作为筛选以及查找和替换内容时的比较条件,
?（问号）表示任何单个字符例如，sm?th查找“smith”和“smyth”*（星号）表示任何字符数例如，*east查找“Northeast”和“Southeast”~（波形符）表示后跟?、*或~问号、星号或波形符例如，“fy91~?”将会查找“fy91?”,
对于较少选择：按住鼠标左键，然后拖动鼠标即可选中文本对于全选：按组合键Ctrl+A对于连选：将鼠标光标移到其实位置，然后按住Shift键，然后在结束位置单击鼠标左键,
图文混排：就是将文字与图片混合排列，文字可在图片的四周、嵌入图片下面、浮于图片上方等,
这些文字环绕方式包括“顶端居左，四周型文字环绕”、“顶端居中，四周型文字环绕”、“中间居左，四周型文字环绕”、“中间居中，周型文字环绕”、“中间居右，四周型文字环绕”、“底端居左，四周型文字环绕”、“底端居中，四周型文字环绕”、“底端居右，四周型文字环绕”九种方式,
格式刷可以复制文字格式、段落格式等任何格式,
可以快速将指定段落或文本的格式延用到其他段落或文本上,
样式是预定义的一种特定格式，往往适用于段落或是选定范围的字符群,
都是用来对文档进行格式操作的word中的节说白了就是排版格式的范围，也是在对文档做格式化操作的最大单位,
分栏是对版面进行分割，方便阅读,
项目符号是放在文本或图形前以添加强调效果的点或其他符号,
编号是给相关联的内容添加顺序号作为一种识别的方法，文本编号易于阅读，查看分析而且非常整齐,
批注就是间接的显示在文档中的信息，是对文章的建议和意见,
修订是直接对文章进行更改，并以批注的形式显示，不仅能看出那些地方修改了，还可以选择接受或者不接受修改,
主要包括段落缩进、段落对齐、段落间距和行距、首字下沉、项目符号和段落编号、边框和底纹等,
主要有：字体大小，字体颜色，字型设置，字符间距，上标下标，文字效果，缩放比例，边框，底纹等,
Word是商用办公套件MicrosoftOffice中的一个组件，功能强大而且丰富，支持多种文件格式，多用于企业的办公,
价格昂贵,
写字板是Windows自带的一个工具，只带有一些基本的文字处理功能，支持rtf格式,
免费,
记事本只支持文本格式文件，不支持富文本格式（rtf），没有各种格式效果,
数据的逻辑结构决定了算法，数据的存储结构决定了如何实现算法,
算法是某一系列运算步骤，它表达解决某一类计算问题的一般方法，对这类方法的任何一个输入，它可以按步骤一步一步计算，最终产生一个输出,
但是对于所有的计算问题，都离不开要计算的对象或者要处理的信息，而如何高效的把它们组织起来，就是数据结构关心的问题，所以算法是离不开数据结构的,
不能脱离算法讨论数据结构，也不能脱离数据结构研究算法,
1、Fortran语言是一种极具发展潜力的语言，在全球范围内流行过程中，Fortran语言的标准化不断吸收现代化编程语言的新特性，并且在工程计算领域仍然占有重要地位,
2、Prolog（ProgramminginLogic的缩写）是一种逻辑编程语言,
它建立在逻辑学的理论基础之上，最初被运用于自然语言等研究领域,
现在它已广泛的应用在人工智能的研究中，它可以用来建造专家系统、自然语言理解、智能知识库等,
同时它对一些通常的应用程序的编写也很有帮助,
使用它能够比其他的语言更快速地开发程序，因为它的编程方法更象是使用逻辑的语言来描述程序,
3、COBOL（面向商业的通用语言，又称为企业管理语言、数据处理语言等，CommonBusinessOrientedLanguage）是最早的高级编程语言之一，是世界上第一个广泛使用的高级编程语言,
4、Pascal是一种计算机通用的高级程序设计语言,
Pascal语言语法严谨，层次分明，程序易写，具有很强的可读性，是第一个结构化的编程语言,
5、C++是优秀的面向对象程序设计语言，它在C语言的基础上发展而来，但它比C语言更容易为人们学习和掌握；6、JAVA/一种可以撰写跨平台应用软件的面向对象的程序设计语言，Java语言中的许多库类名称，多与咖啡有关,
officeword文字处理排版officeexcel电子表格制作和数据处理officeaccess基本的数据库处理软件officepowerpoint电子幻灯制作flash动画制作软件photoshop图像处理软件premiere非线性视频制作afftereffects后期特效制作处理,
常见附件有系统工具、记事本、写字板、画图1、系统工具主要有系统还原和磁盘清理和碎片整理系统还原可以监视系统以及某些应用程序文件的改变，并自动创建易于识别的还原点,
2、记事本文件可保存为Unicode、ANSI、UTF/8或高位Unicode四种编码格式文件，不同字符集文档，可以用户提供更大灵活性,
3、写字板能创建打开Word文档、RTF文档和文本格式文件等,
4、画图板用来画图及存储屏幕打印图片,
默认情况下（右手习惯）执行某个程序、打开某个软件就要左键双击；选定某个文件就要左键单击；需要某个文件的扩展属性时执行右键单击；将某个文件移动到屏幕桌面的某个位置或者移动到某个文件夹需要左键拖动；多页浏览文档时，可以采用滚轮上下滚动,
虽然各个窗口不尽相同，但都由标题栏、菜单栏、工具栏、工作区、状态栏、边框、滚动条、窗口缩放按钮等组成,
目前主要的操作系统有如下几个：1、DOS操纵系统：DOS系统是1981年由微软公司为IBM个人电脑开发的，即MS/DOS,
它是一个单用户单任务的操作系统,
在1985年到1995年间DOS占据操作系统的统治地位,
2、WINDOWS操作系统Windows操作系统是一款由美国微软公司开发的窗口化操作系统,
采用了GUI图形化操作模式，比起从前的指令操作系统如DOS更为人性化,
Windows操作系统是目前世界上使用最广泛的操作系统,
最新的版本是Windows10,
3、UNIX操作系统UNIX为用户提供了一个分时的系统以控制计算机的活动和资源，并且提供一个交互，灵活的操作界,
UNIX被设计成为能够同时运行多进程，支持用户之间共享数据,
同时，UNIX支持模块化结构,
4、MAC操作系统MacOS是一套运行于苹果Macintosh系列电脑上的操作系统,
MacOS是首个在商用领域成功的图形用户界面操作系统,
Mac系统是基于Unix内核的图形化操作系统；一般情况下在普通PC上无法安装的操作系统,
由于MAC的架构与Windows不同，所以很少受到病毒的袭击,
5、Linux操作系统它是目前全球最大的一个自由免费软件，其本身是一个功能可与Unix和Windows相媲美的操作系统，具有完备的网络功能，它的用法与UNIX非常相似,
许多人下载该源程序并按自己的意愿完善某一方面的功能，再发回网上，Linux也因此被雕琢成为成为一个全球最稳定的、最有发展前景的操作系统,
移动智能终端企业可以通过应用端商业模式的创新来激发用户的消费需求,
从行业的发展情况来看，移动智能终端企业应该推动产品的功能和形态向多元化拓展,
智能设备形式多样化，向更多行业渗透,
移动智能终端应用从门户型应用软件向着针对细分市场、细分人群和专业定位的方向演进,
不熟悉的网站不要随意点开，更不要随便输入账户和密码,
如需进行支付或重要操作时，免费WIFI不要连，尽量采用数据接入方式,
在网站注册时，不要留有过详细的个人信息，尤其是身份证信息等重要信息,
在公用电脑上登陆过，一定要清除COOKIES和表单信息,
不要安装流氓软件，打开邮件或消息的链接要留心等,
硬件部分：包括主机、硬盘驱动器、显示器、网卡、扫描仪、音频信息处理硬件、视频信息处理硬件及光盘驱动器等,
软件部分：包括多媒体计算机的操作系统，在原基础上扩充多媒体资源管理与信息处理的功能,
1、文本:由语言文字和符号字符组成的数据文件,
2、图像:通过描述画面中各个像素的亮度和颜色等组成的数据文件,
3、图形:矢量图形的简称,
4、动画:将静态的图像、图形及连环图画等按一定时间顺序显示而形成连续的动态画面,
5、音频:声音信号，即相应于人类听觉可感知范围内的频率,
6、视频:可视信号，即计算机屏幕上显示出来的动态信息，如动态图形、动态图像、动画等,
1.人工管理阶段：特点：数据在计算机内部不保留,
无数据管理软件，数据的管理由应用程序完成,
数据是面向应用的，一组数据对应一个应用程序，数据冗余大而且不共享,
数据不具独立性，完全依赖于应用程序,
数据无结构,
数据控制能力：应用程序自己控制2.文件管理阶段：特点：数据可长期保存在外存上,
记录内有结构，整体无结构,
数据控制能力：应用程序自己控制3.数据库管理阶段：特点：数据结构化,
数据的共享性高，冗余度低，易扩充,
数据独立性高,
数据由DBMS统一管理和控制,
准备好关于家乡的文字、图片等等素材，然后选择合适的模板,
次要坐标轴可以更精确的定位图标的X，Y轴,
中图表，在上方出现图表工具，选择布局选项卡，在坐标轴组中，选择主要横纵坐标轴，选取需要的一项即可,
ctrl+A键，拖动鼠标,
"顶端居左，四周型文字环绕""、""顶端居中，四周型文字环绕""、""中间居左，四周型文字环绕""、""中间居中，周型文字环绕""、""中间居右，四周型文字环绕""、""底端居左，四周型文字环绕""、""底端居中，四周型文字环绕""、""底端居右，四周型文字环绕",
格式刷能很好地与图形对象（如自选图形）结合使用,
将图片的环绕样式设置为“嵌入型”（在“绘图”工具栏上，单击“绘图”，然后指向“文字环绕”）之外的任何样式，就可复制图片格式（如图片的边框）,
节是文本章节，便于排版与阅读文档,
分栏是一个页面分开多个版面,
项目符号是在各项目前所标注的符号,
编号易于阅读，查看分析,
大纲视图：大纲视图用缩进文档标题的形式代表标题在文档结构中的级别,
可以使用大纲视图处理主控文档，MicrosoftWord简化了文本格式的设置，以便将精力集中在文档结构上,
“阅读版式”：该视图以书页的形式显示文档,
页面被设计为正好填满屏幕，并且文本自动使用MicrosoftClearType技术显示，该技术使得文档更易于阅读,
修订：在打开修订功能的情况下，可以查看在文档中所做的所有更改,
当关闭修订功能时，可以对文档进行任何更改，而不会对更改的内容做出标记,
批注：当审阅修订和批注时，可以接受或拒绝每一项更改,
在接受或拒绝文档中的所有修订和批注之前，即使是发送或显示的文档中的隐藏更改，审阅者也能够看到,
对齐，缩进，居中，段落间距和行间，首字下沉，分栏,
字号，字体，颜色，下划线，底纹，间距,
写字板是自带的工具，word的功能要比写字板的多,
数据结构是问题的核心，是算法的基础,
顺序结构选择结构循环结构,
java，目前用于大型企业的网页开发系统或手机平台游戏上，开发效率高Delphi开发应用软件，无疑会大大地提高编程效率,
word文档编辑excel数据统计Photoshop图片处理Powerpoint幻灯片制作软件,
记事本写字板是Windows系统中自带的、更为高级一些的文字编辑工具，相比记事本，它具备了格式编辑和排版的功能,
Windows7的录音机新的画图工具,
"鼠标动作Shift+左键单击任务栏图标打开一个新的实例(例如Shift+左键单击”库”图标会打开一个新的资源管理器窗口)鼠标中键单击任务栏图标作用同上.Ctrl+Shift+左键单击任务栏图标以管理员权限打开一个新的实例Shift+右键单击任务栏图标打开像XP/Vista那样的窗口控制菜单(即最大化,最小化,关闭等);对于未打开的快捷方式,则弹出针对快捷方式的右键菜单.shift+右键单击任务栏分组打开像XP/Vista那样的窗口控制菜单(即最大化组,最小化组,关闭组)ctrl+在任务栏分组上滚动滚轮在本组中的不同窗口/标签之间切换.",
窗体页眉页面页眉主体页面页脚窗体页脚每个部分称为节，代表着窗体中不同的区域,
每一节中可以显示不同的控件，例如标签、文本框等,
窗体可以只包含主体节，是窗体的核心内容，可根据需要使窗体包含其他节,
页眉节（页脚节）分为窗体页眉（页脚）和页面页眉（页脚），其中窗体页眉（页脚）在执行窗体时可以显示，而页面页眉（页脚）只在打印时输出,
Windows1图形化操作界面2多用户多任务系统3即插即用对各种外设的支持4多媒体平台系统5面向用户632位线性寻址的内存管理，良好的向下兼容性,
答：1.全球最大的网络是因特网（Internet），它所采用的网络协议是TCP/IP协议,
有个选择题说是选中多个不连续幻灯片，按住鼠标左键和键盘上的()键，我选的Ctrl键，怎么会错了呢？其它的几个Shift、Alt、Insert键都不对啊？,
答：采样/量化/编码/解码/存储,
答：(1)文本:由语言文字和符号字符组成的数据文件,
答：1.人工管理阶段：特点：§数据在计算机内部不保留§无数据管理软件，数据的管理由应用程序完成§数据是面向应用的，一组数据对应一个应用程序，数据冗余大而且不共享§数据不具独立性，完全依赖于应用程序§数据无结构§数据控制能力：应用程序自己控制2.文件管理阶段：特点：特点：数据可长期保存在外存上,
老师您好！我们办公室几个老师都选了这门课，可我们都没有OFFICE2010版软件，网上找了，也都是07版13版等等，而10版的多数都是假的，不能用,
看看您那边能不能给提供个10版安装文件呢？,
谢谢老师，已经装上了！,
"第二次做三单元测试，里面涉及到的组合键控制的操作，比如：Ctrl+选择是进行不连续选择,Shift+Space进行中英文输入法切换,Shift+Delete彻底删除,明明都没错呀，第一次测时，全填的小写字母的，想想可能是因为这个不对，第二次测就把第一个字母都改成大写了，还是错，难道非要都写大写的才对吗？最后一个通配符，用英语状态下的“?”就错了！我可不敢试了，再错了，我就去撞墙了！而且我查了一下，我这样子错了五道题，结果得了个89.23分，怎么算的呢？恳请老师给予答疑解惑！",
操作系统是计算机的一种系统软件，它有效地管理和控制计算机的（），合理组织计算机的工作流程，以使整个计算机系统高效地运行,
这填（硬件和软件资源）不对吗？另外还有实时操作系统的特征是（高及时性）和高可靠性也错了呢？,
对了，还有一道填空，写的小写的shift键+选择，是连续选，难道只是shift因为第一个字母没大写，或者说必须都写大写的？,
C++不能算做应用软件，是因为它只是一门高级程序设计语言吗？,
嗯，明白了！谢谢老师耐心细致的解答！,
不随意在网上注册，调整cookies的安全级别并作相应的清理，不妨使用多个邮箱，不要主动上传敏感信息，杜绝使用手机流氓软件，在删除文件以及处理废弃电脑时要进行不可恢复性处理，及时进行安全检查，积极了解网络安全知识，定期查杀病毒等,
电子商务技术是利用计算机技术、网络技术和远程通信技术，实现整个商务过程中的电子化、数字化和网络化技术,
电子商务采用的主要安全技术手段：防火墙技术、数据加密技术、数字签名技术,
矢量图与位图比较，位图的容量一般较大，矢量图一般较小；位图的文件内容是点阵数据，矢量图的文件内容是图形指令,
从应用的特点看，位图适合于获取和复制，表现力丰富，但编辑较复杂；矢量图易于编辑，适于绘制和创建，放大和缩小不会产生失真，位图放大会产生失真,
数据库概念模型的作用：1、收集信息,
2、标识对象,
3、建立对象间的关系,
4、标识对象信息模型,
数据库概念模型的设计方法：采用E/R图设计,
数据库的特点：共享性、一致性、冗余度小、具有数据完整性措施、可以采用交互式或程序方式操作,
数据库系统的构成：DBS（数据库系统）=OS（操作系统）+DB（数据）+DBMS（数据库管理喜用）+DBA（数据库管理员）,
1、创建一个演示文稿，选择设计模板,
2、为幻灯片选择并应用设计模板,
3、插入一个新幻灯片，上网搜索关于家乡的文字介绍,
4、在网上搜索关于家乡的图片，并插入到新幻灯片上,
5、为幻灯片上的对象设置动画效果,
6、设置不同幻灯片之间的切换效果,
次坐标轴的作用：精确定位图标的X，Y轴，清晰分析数据,
插入图表，进入“图标选项”，选择“坐标抽”，在主坐标轴中选择分类（X）轴，再选择“自动”,
？代表单个字符*代表任意字符,
在WPS表格中，打开“工具”/“选项”/“自定义序列”/输入“数学、计算机、代数、英语”如图：然后“添加”/“确定”,
选定一个词：在要选定的词中间双击鼠标选定一个句子：按住Ctrl，单击句中任意位置选定一行：在该行的文本选择区单击鼠标或Shift+End选定连续多行：在文本选择区单击第一行并拖到最后一行选定一个段落：双击该段对应的文本选择区或在段落中任意处三击选定任意连续文本：使用鼠标从文本的第一个字符拖动到最后一个字符选定整个文档：在文本选择区的任意位置三击鼠标或Ctrl+A选定矩形文本区：按住Alt，使用鼠标从选定区域的左上角拖动到右下角,
图文混排:就是将文字与图片混合排列，文字可在图片的上下方、四周、嵌入图片下面、浮于图片上方等,
有九种环绕方式，分别是：顶端居左、中、右；中间居左、中、右；底端居左、中、右四周文字环绕,
批注对部分文字或操作进行注解、诠释；修订是指修改格式、删除或增加内容,
段落格式的主要设置内容有：对齐方式、缩进、间距、分栏、边框和底纹等等,
字符格式的主要设置内容：字体、字号、字型、颜色、字符间距、缩放比例、文字效果、底纹、边框等,
记事本只支持文本格式文件，容量较小，没有各种格式效果，便于在任何编辑器上重新按自己的格式利用,
Word是套件MicrosoftOffice中的一个组件，功能强大而且丰富，支持多种文件格式，不仅文字编辑转换上有多种功能，还可以进行页面设置，插入图片、图像等其他对象,
数据结构为算法提供逻辑运行路线和框架，算法则是按照数据结构对目的的实现选择合适的操作方法和运算过程，数据结构和算法是相互依托和联系的,
顺序结构顺序结构表示程序中的各操作是按照它们出现的先后顺序执行的.选择结构选择结构表示程序的处理步骤出现了分支，它需要根据某一特定的条件选择其中的一个分支执行,
选择结构有单选择、双选择和多选择三种形式,
循环结构循环结构表示程序反复执行某个或某些操作，直到某条件为假（或为真）时才可终止循环,
主要有C、C++、C#等语言,
其中C既具有汇编语言的特点，也具有高级语言的特点,
高级语言需要经过两次汇编，先由源代码汇编成由0和1组成的中间代码文件，接着与函数库进行连接，生成最终可执行文件(.EXE)高级语言远离机器语言，与具体的计算机硬件关系不大，因而所写出来的程序可移植性好，重用率高,
Excel：电子表格统计和制作软件word：文档编辑和处理软件PPT：课件制作软件QQ：聊天软件酷狗：音频播放youku(优酷)：视频播放,
Windows的主要附件工具及其功能：1、系统工具：用来进行系统还原、磁盘清理和整理磁盘碎片,
Windows主要鼠标动作和作用：1、指向：将鼠标指针移动到屏幕的某个特定的位置或对象上，为下一个操作作准备,
2、单击：左键单击，常用于选定鼠标指针指向的某个对象或命令，右键单击调用快捷菜单,
鼠标的其他操作：中间的滚轮可以上下翻看屏幕,
一般窗体的主要构成有：任务栏、标题栏、菜单栏、工作区域、状态栏、滚动条、窗口缩放按纽,
操作系统的主要类型及其特点有：1、DOS操作系统：1）单用户、单任务；2）命令行界面；3）文件管理方便；4）系统体积小,
2、Windows操作系统：1）多任务处理；2）图形用户界面；3）有效的内存管理；4）支持多文件系统各式（FAT32、NTFS）；5）支持多媒体系统；6）支持网络应用,
互评的时候很多附件下不下来，不是网络的原因，网很快,
"二、微软2013年补丁数量超过100个2014年停止对WindowsXP安全更新2013年12月初，微软公布2013年12月份11个安全更新补丁，至此2013全年微软补丁数量已达到106个，这已是第三次补丁数量""破百"".据统计，2013年微软高危漏洞补丁为42个，占比达到39.6%;9月补丁数量最多，达到13个",
2013年微软宣布，到2014年4月8日为止，将不再为WindowsXP系统提供漏洞补丁,
三、比特币席卷全球诈骗案件频发2013年比特币大受追捧，造就比特币神话的原因之一，就是其宣称的“安全性”,
不过2013年多时间爆出的几次虚拟货币“大劫案”,
根据美国FBI查获的案件显示，2013年9月份，FBI查获毒品交易网站“丝路”(SilkRoad)后，有两大比特币网站涉嫌数千万美元以上金额的比特币,
其中一家网站拥有14.4万个比特币，对应的价值接近1亿美元,
另外一个包含3万个比特币，价值约为2000万美元,
2013年12月5日，央行宣布比特币在中国为“非法货币”，联合四部委发出《关于防范比特币风险的通知》，要求各金融机构和支付机构不得开展与比特币相关的业务,
2013年12月16日，央行约谈10余家第三方支付公司相关负责人，明确要求其不得给比特币、莱特币等的交易网站提供支付与清算业务,
随后2013年12月18日18时04分许，央行网站间歇性出现访问困难或页面无法打开的状况，央行官方微博“央行微播”的评论中亦涌入大量“水军”,
有媒体称攻击者为比特币炒家,
六、Google曝法国伪造CA证书全球首例国家级伪造CA证书劫持加密通讯事件诞生2013年12月7日，Google安全博客发表声明，他们在12月3日发现一个与法国信息系统安全局(ANSSI)有关系的中级CA发行商向多个Google域名发行了伪造的CA证书,
根据分析称，ANSSI伪造CA证书是全球首例曝光的国家级伪造CA证书劫持加密通讯事件，在网络安全行业影响恶劣,
此伪造CA证书被利用监视Google流量，劫持Google的加密网络服务，例如对Gmail、GoogleHTTPS搜索、Youtube等进行钓鱼攻击、内容欺骗和中间人攻击,
微软随后发布针对WindowsVista、Windows7、Server2008、Server2008R2提供了吊销证书的补丁,
如图：返回的IP是1.202.188.113由IP位数知该网站采用的是TCP/IP协议中的IPV4协议,
一个路由器作为网关，连通外网,
下连一台核心交换机和分布交换机，交换机的作用就是将局域网的设备连接起来，并且配置策略,
第一层：物理层（PhysicalLayer)在这一层，数据的单位称为比特（bit）,
物理层的主要设备：中继器、集线器、适配器,
第二层：数据链路层（DataLinkLayer)在物理层提供比特流服务的基础上，建立相邻结点之间的数据链路，通过差错控制提供数据帧（Frame）在信道上无差错的传输，并进行各电路上的动作系列,
该层的作用包括：物理地址寻址、数据的成帧、流量控制、数据的检错、重发等,
在这一层，数据的单位称为帧（frame）,
数据链路层主要设备：二层交换机、网桥,
第三层：网络层(Networklayer)在计算机网络中进行通信的两个计算机之间可能会经过很多个数据链路，也可能还要经过很多通信子网,
网络层的任务就是选择合适的网间路由和交换结点，确保数据及时传送,
网络层将数据链路层提供的帧组成数据包，包中封装有网络层包头，其中含有逻辑地址信息//源站点和目的站点地址的网络地址,
如果你在谈论一个IP地址，那么你是在处理第3层的问题，这是“数据包”问题，而不是第2层的“帧”,
IP是第3层问题的一部分，此外还有一些路由协议和地址解析协议（ARP）,
有关路由的一切事情都在第3层处理,
地址解析和路由是3层的重要目的,
网络层还可以实现拥塞控制、网际互连等功能,
在这一层，数据的单位称为数据包（packet）,
网络层协议的代表包括：IP、IPX、RIP、ARP、RARP、OSPF等,
网络层主要设备：路由器第四层：传输层(Transportlayer)第4层的数据单元也称作处理信息的传输层(Transportlayer),
但是，当你谈论TCP等具体的协议时又有特殊的叫法，TCP的数据单元称为段（segments）而UDP协议的数据单元称为“数据报（datagrams）”,
这个层负责获取全部信息，因此，它必须跟踪数据单元碎片、乱序到达的数据包和其它在传输过程中可能发生的危险,
第4层为上层提供端到端（最终用户到最终用户）的透明的、可靠的数据传输服务,
所谓透明的传输是指在通信过程中传输层对上层屏蔽了通信传输系统的具体细节,
传输层协议的代表包括：TCP、UDP、SPX等,
第五层：会话层(Sessionlayer)这一层也可以称为会晤层或对话层，在会话层及以上的高层次中，数据传送的单位不再另外命名，统称为报文,
会话层不参与具体的传输，它提供包括访问验证和会话管理在内的建立和维护应用之间通信的机制,
如服务器验证用户登录便是由会话层完成的,
第六层：表示层(Presentationlayer)这一层主要解决用户信息的语法表示问题,
它将欲交换的数据从适合于某一用户的抽象语法，转换为适合于OSI系统内部使用的传送语法,
即提供格式化的表示和转换数据服务,
数据的压缩和解压缩，加密和解密等工作都由表示层负责,
例如图像格式的显示，就是由位于表示层的协议来支持,
第七层：应用层(Applicationlayer)应用层为操作系统或网络应用程序提供访问网络服务的接口,
应用层协议的代表包括：Telnet、FTP、HTTP、SNMP等,
采样：在时间轴上对信号数字化；量化：在幅度轴上对信号数字化；编码：按一定格式记录采样和量化后的数字数据,
扫描仪数码相机手写板各种打印机和绘图仪声卡音箱视频卡电视接收卡摄像头,
1、选择查询：在查询设计器中，给出查询条件2、参数查询：是一种动态查询，这种查询会在一个查询窗口中输入查询条件，点确定，直接给出查询结果,
输入掩码：限制用户输入数据的格式，对数据输入做出控制以保证输入正确的数据,
默认值：添加新记录时自动向此字段分配指定值,
设置有效性规则和有效性文本：输入数据时有时需要限定输入数据的内容,
数据类型：文本/文本或数字文本备注/长文本数字/数学计算的数值数据日期和时间/日期和时间数据货币/货币计算是否/只含两值之一的数据计算字段/计算结果超链接/邮箱、网址和文档附件/文档、图片等数据OLE对象和查阅/图片自动编号型/一般用于主关键字,
特点：1、数据共享性2、数据冗余度小3、数据一致性,
5、可以采用交互式或程序方式操作构成：DBS（数据库系统）=OS（操作系统）+DB（数据）+DBMS（数据库管理喜用）+DBA（数据库管理员）,
1、人工管理阶段2、文件系统阶段3、数据库技术阶段,
在51之前我做完了4单元测试题，提交了，进度条显示了,
今儿来发现没成绩了，又要重新做,
动画能使文稿看起来更加赏心悦目，更具有感染力及表现力,
好的动画风格统一，力求简约，不花哨,
符合当前场景,
封面页分章节内容页总结页,
如图所示：这是没有次坐标抽的图标,
这是有次坐标轴的图标,
通配符即符号“?”，可以替代任何字符，如图：,
我用的WPS，打开“工具”/“选项”，切换到“自定义序列”，输入数学、计算机、代数、英语，如图所示：点击”添加“，点击”确定“,
1、快捷键ctrl+a///全选2、编辑区任何地方三击左键////选中该段3、鼠标选择要选的区域4、把鼠标放在要选区域的最前面，滚动轴滚到末端后按住shift建店左键选中整个区域5、按住ctrl鼠标左键选可跳跃选择区域！！！6、将鼠标放在最左边，待鼠标改为反方向时点左键//选中该行,
在打开的“图片工具”功能区的“格式”选项卡中，单击“排列”分组中的“位置”按钮，则在打开的预设位置列表中选择合适的文字环绕方式,
如果用户希望在Word2010文档中设置更富的文字环绕方式，可以在“排列”分组中单击“自动换行”按钮，在打开的菜单中选择合适的文字环绕方式即可,
用它“刷”格式，可以快速将指定段落或文本的格式延用到其他段落或文本上，让我们免受重复设置之苦！样式：是指用有意义的名称保存的字符格式和段落格式的集合，这样在编排重复格式时，先创建一个该格式的样式，然后在需要的地方套用这种样式，就无须一次次地对它们进行重复的格式化操作了,
项目符号和编号：是放在文本前的点或其它符号，起到强调作用,
合理使用项目符号和编号，可以使文档的层次结构更清晰、更有条理,
1.普通视图：在Word2003中，普通视图是默认的视图方式，普通视图简化了页面的布局，这样可快速键入或编辑文字,
普通视图的重新分页和屏幕刷新速度在各种视图中是最快的，在普通视图下有些信息诸如页眉/页脚、图形标注等都不显示，若要在普通视图中进行页眉/页脚操作，则需要从“视图”菜单项中选择“页眉和页脚”，打开页眉/页脚窗口,
普通视图下的自动分页符以点线表示，人工分页符以带有“分页符”字样的虚线来表示，分节符以带有“分节符”字样的双点线表示，如图1所示,
如果要在普通视图下进一步提高Word2003的显示和处理文档的速度，可以从“工具”菜单中选择“选项”，在打开的“选项”对话框中单击“视图”标签，选中“草稿字体”，“确定”即可,
2.Web版式视图：Web版式视图是新增的用以取代Word97的联机版式视图来满足用户需要的,
此外，在该视图方式下还可以应用Word2000创建和编辑Web页面,
3.页面视图：在页面视图中，可以看到对象在实际打印页面的位置，在该视图中可以查看和编辑页眉和页脚，只需用鼠标双击页眉/页脚区，Word2003就会自动显示“页眉/页脚”工具栏，还可以在该视图中调整页边距，以及处理分栏、图形对象和边框,
屏幕顶端和两边的暗灰色背景就是对应于所设置的打印纸张类型之外的区域，如图2所示,
在页面视图中可以显示或隐藏非打印字符，这些非打印字符不会被打印出来，只是作为控制字符显示在屏幕上，以便于查看或编辑文档，例如回车符、段落标记、制表符、空格等,
这样就可以很容易地看到是否在单词之间添加了多余的空格，键入的是空格还是制表符,
Word使用箭头代表制表符，圆点代表空格,
如果在文档中绘制图形或加入标注时，Word2003将自动切换到页面视图模式,
4.大纲视图：大纲视图显示文档的层次结构，如章、节、标题等，这对于长文档来说，可以让用户清晰地看到它的概况简要,
在大纲视图中，可折叠文档只查看到某级标题，或者扩展文档以查看整个文档，还可以通过拖动标题来移动、复制或重新组织正文,
进入大纲视图时会自动出现大纲工具栏，其中就包括有关主控文档的按钮，主控文档用来组织和维护一个长文档，主控文档视图可以将多篇Word文档组成一篇主控文档，然后对长文档进行修改编辑,
在浏览或编辑文档中相距较远的两部分信息可以使用屏幕拆分方式，将显示窗口拆分成两个窗口，拆分后的上下两个窗口可以使用不同的视图,
另外还有一种阅读版式视图，以图书的分栏样式显示Word文档，“文件”按钮、功能区等窗口元素被隐藏起来,
在阅读版式视图中，用户还可以单击“工具”按钮选择各种阅读工具,
对齐方式、缩进、段间距、行间距,
字体、字号、颜色、效果、字体间距以及其它特殊效果的设置,
记事本只能输入文字，没有格式颜色等功能，文件格式txt,
Word提供了许多易于使用的文档创建工具，同时也提供了丰富的功能集供创建复杂的文档使用,
功能最为强大,
计算机是一门研究用计算机进行信息表示和处理的科学,
这里面涉及到两个问题：信息的表示，信息的处理,
而信息的表示和组织又直接关系到处理信息的程序的效率,
随着计算机的普及，信息量的增加，信息范围的拓宽，使许多系统程序和应用程序的规模很大，结构又相当复杂,
因此，为了编写出一个“好”的程序，必须分析待处理的对象的特征及各对象之间存在的关系，这就是数据结构这门课所要研究的问题,
众所周知，计算机的程序是对信息进行加工处理,
在大多数情况下，这些信息并不是没有组织，信息（数据）之间往往具有重要的结构关系，这就是数据结构的内容,
数据的结构，直接影响算法的选择和效率,
计算机解决一个具体问题时，从具体问题中抽象出一个适当的数学模型，然后设计一个解此数学模型的算法（Algorithm），最后编出程序、进行测试、调整直至得到最终解答,
寻求数学模型的实质是分析问题，从中提取操作的对象，并找出这些操作对象之间含有的关系，然后用数学的语言加以描述,
计算机算法与数据的结构密切相关，算法无不依附于具体的数据结构，数据结构直接关系到算法的选择和效率,
运算是由计算机来完成，这就要设计相应的插入、删除和修改的算法,
也就是说，数据结构还需要给出每种结构类型所定义的各种运算的算法,
顺序结构――顺序语句由语句序列组成，程序执行时，按照语句的顺序，从上而下，一条一条地顺序执行,
选择结构――分支语句根据一定的条件决定执行哪一部分的语句序列,
又分为单分支选择、双分支选择和多分支选择,
循环结构――循环语句使同一个语句组根据一定的条件执行若干次,
又分为直到型循环和当型循环,
高级语言是从人类的逻辑思维角度出发的计算机语言，抽象程度大大提高，需要经过编译成特定机器上的目标代码才能执行，一条高级语言的语句往往需要若干条机器指令来完成,
高级语言独立于机器的特性是靠编译器为不同机器生成不同的目标代码(或机器指令)来实现的,
那具体的说，要将高级语言编译到什么程度呢，这又跟编译的技术有关了，既可以编译成直接可执行的目标代码，也可以编译成一种中间表示，然后拿到不同的机器和系统上去执行，这种情况通常又需要支撑环境，比如解释器或虚拟机的支持，Java程序编译成bytecode，再由不同平台上的虚拟机执行就是很好的例子,
所以，说高级语言不依赖于机器，是指在不同的机器或平台上高级语言的程序本身不变，而通过编译器编译得到的目标代码去适应不同的机器,
从这个意义上来说，通过交叉汇编，一些汇编程序也可以获得不同机器之间的可移植性，但这种途径获得的移植性远远不如高级语言来的方便和实用性大,
文档编辑：WPS视频播放：迅雷看看音频播放：酷狗云盘存储：百度云、360云盘聊天：QQ、阿里旺旺安全：360安全卫士、卡巴斯基、麦咖啡浏览器：IE阅读：福昕,
1、记事本：一个编辑纯文本文件的应用程序,
文本文件只包含基本的可显示字符，不包含任何动画、图形等其他格式的信息,
文本文件的扩展名为.TXT,
打开步骤如下：单击【开始】按钮→选择【程序】菜单→【附件】→单击【记事本】命令；双击后缀名为txt的文件或右击鼠标在弹出式菜单中选择【编辑】命令，也可以打开“记事本”.2、写字板：比“记事本”多了工具栏、格式栏、标尺，可以对文本进行格式化,
3、画图：画图程序是一个简单的画图工具，用户可以使用它绘制黑白或彩色的图形，并可将这些图形存为位图文件（,
bmp文件），可以打印，也可以将它作为桌面背景，或者粘贴到另一个文档中，还可以使用“画图”查看和编辑扫描的相片等,
画图的打开步骤：单击“开始”按钮→在【程序】菜单中打开【附件】→单击【画图】命令启动“画图”程序4、计算器：四则运算，科学计算,
5、录音机：录音,
1、左键单击定位,
双击打开或关闭目标，调整目标大小,
3、滚轮拉动滚动条、缩放,
4、还有DPI调节按键，以及其他可自定义按键,
（1）标题栏,
窗口上方的蓝条区域，标题栏左边有控制菜单图表和窗口中程序的名称,
（2）菜单栏,
位于标题栏的下边，包含很多菜单,
（3）工具栏,
位于菜单栏下方，它以按扭的形式给出了用户最经常使用的一些命令，比如，复制，粘贴等,
（4）工作区域,
窗口中间的区域，窗口的输入输出都在它里面进行,
（5）状态栏,
位于窗口底部，显示运行程序的当前状态，通过它用户可以了解到程序运行的情况,
（6）滚动条,
如果窗口中显示的内容过多，当前可见的部分不够显示时，窗口就会出现滚动条，分为水平与垂直两种,
（7）窗口缩放按纽,
即最大化、最小化、关闭按纽,
1.批处理操作系统批处理(BatchProcessing)操作系统的工作方式是：用户将作业交给系统操作员，系统操作员将许多用户的作业组成一批作业，之后输入到计算机中，在系统中形成一个自动转接的连续的作业流，然后启动操作系统，系统自动、依次执行每个作业,
最后由操作员将作业结果交给用户,
批处理操作系统的特点是：多道和成批处理,
2．分时操作系统分时(TimeSharing)操作系统的工作方式是：一台主机连接了若干个终端，每个终端有一个用户在使用,
用户交互式地向系统提出命令请求，系统接受每个用户的命令，采用时间片轮转方式处理服务请求，并通过交互方式在终端上向用户显示结果,
用户根据上步结果发出下道命,
分时操作系统将CPU的时间划分成若干个片段，称为时间片,
操作系统以时间片为单位，轮流为每个终端用户服务,
每个用户轮流使用一个时间片而使每个用户并不感到有别的用户存在,
分时系统具有多路性、交互性、“独占”性和及时性的特征,
多路性指，伺时有多个用户使用一台计算机，宏观上看是多个人同时使用一个CPU，微观上是多个人在不同时刻轮流使用CPU,
交互性是指，用户根据系统响应结果进一步提出新请求(用户直接干预每一步),
“独占”性是指，用户感觉不到计算机为其他人服务，就像整个系统为他所独占,
及时性指，系统对用户提出的请求及时响应,
它支持位于不同终端的多个用户同时使用一台计算机，彼此独立互不干扰，用户感到好像一台计算机全为他所用,
常见的通用操作系统是分时系统与批处理系统的结合,
其原则是：分时优先，批处理在后,
“前台”响应需频繁交互的作业，如终端的要求；“后台”处理时间性要求不强的作业,
3．实时操作系统实时操作系统(RealTimeOperatingSystem，RTOS)是指使计算机能及时响应外部事件的请求在规定的严格时间内完成对该事件的处理，并控制所有实时设备和实时任务协调一致地工作的操作系统,
实时操作系统要追求的目标是：对外部请求在严格时间范围内做出反应，有高可靠性和完整性,
其主要特点是资源的分配和调度首先要考虑实时性然后才是效率,
此外，实时操作系统应有较强的容错能力,
4．网络操作系统网络操作系统是基于计算机网络的，是在各种计算机操作系统上按网络体系结构协议标准开发的软件，包括网络管理、通信、安全、资源共享和各种网络应用,
其目标是相互通信及资源共享,
在其支持下，网络中的各台计算机能互相通信和共享资源,
其主要特点是与网络的硬件相结合来完成网络的通信任务,
5．分布式操作系统它是为分布计算系统配置的操作系统,
大量的计算机通过网络被连结在一起，可以获得极高的运算能力及广泛的数据共享,
这种系统被称作分布式系统(DistributedSystem),
它在资源管理，通信控制和操作系统的结构等方面都与其他操作系统有较大的区别,
由于分布计算机系统的资源分布于系统的不同计算机上，操作系统对用户的资源需求不能像一般的操作系统那样等待有资源时直接分配的简单做法而是要在系统的各台计算机上搜索，找到所需资源后才可进行分配,
对于有些资源，如具有多个副本的文件，还必须考虑一致性,
所谓一致性是指若干个用户对同一个文件所同时读出的数据是一致的,
为了保证一致性，操作系统须控制文件的读、写、操作，使得多个用户可同时读一个文件，而任一时刻最多只能有一个用户在修改文件,
分布操作系统的通信功能类似于网络操作系统,
由于分布计算机系统不像网络分布得很广，同时分布操作系统还要支持并行处理，因此它提供的通信机制和网络操作系统提供的有所不同，它要求通信速度高,
分布操作系统的结构也不同于其他操作系统，它分布于系统的各台计算机上，能并行地处理用户的各种需求，有较强的容错能力,
1TCP/IP协议2.UDP协议：用户数句包协议3.ICMP协议：控制报文协议4.ARP协议：地址解析协议5.SOCKET协议：套接字6.HTTP7.FTP等等,
OSI/RM模型将计算机网络通信协议分为七层：物理层数据链路层网络层传输层会话层表示层应用层TCP/IP模型将网络体系结构分为4层：应用层传输层网际层网络接口层,
电子商务是利用计算机技术、网络技术和远程通信技术，实现整个商务过程中的电子化、数字化和网络化,
取样量化编码由于音频信号是一种连续变化的模拟信号，而计算机只能处理和记录二进制的数字信号，因此，由自然音源而得的音频信号必须经过一定的变化和处理，变成二进制数据后才能送到计算机进行再编辑和存贮,
键盘、鼠标、显示器、声卡、显卡、显示器、扬声器、硬盘摄像头扫描仪数码相机数码摄像机刻录机触摸屏打印机....,
设置字段的输入掩码：限制用户输入数据的格式，对数据输入做出控制以保证输入正确的数据,
new一个演示文稿，选择设计模板，或者自定义一个模板,
插入几张新幻灯片，插入家乡美的图片和文字介绍，为幻灯片上的对象设置动画效果,
设置不同幻灯片之间的切换效果,
使用鼠标选择，按住左键拖动即可选择对象或文本,
连续选择：shift+鼠标间隔选择：ctrl+鼠标在某行前鼠标单击：可以选择该行；双击：选择该段；三击：选择全文,
使用键盘选择，ctrl+A全选，,
格式刷：快速复制格式，用它“刷”格式，可以快速将指定段落或文本的格式延用到其他段落或文本上,
试分析讨论节、分栏、项目符号和编号等格式概念及其作用：节：可以在一页里面或两页之间改变文档的布局，一便进行小范围操作,
段落格式的主要设置内容：段落缩进、段落对齐、段落间距和行距、首字下沉、项目符号和段落编号、边框和底纹等,
字符格式可以设置字体，字号，字型的设置(加粗、下划线、倾斜)，颜色、字符间距、缩放比例、文字效果等,
word和记事本经常使用，写字板不怎么用,
从功能上来看，Word>写字板>记事本word是丰富格式字处理软件，后缀名doc或者docx；写字板是windows自带的工具，可以进行文字处理和多媒体信息的编辑，支持rtf格式与txt格式；记事本只能输入文字，属于简单文本处理软件，后缀名为txt；,
Access：数据库管理软件PPT：演示文稿Photoshop：图片编辑软件flash：动画制作和编辑软件word：字处理软件Photoshop：图像处理...,
鼠标主要有两大功能：1向计算机输入光标位置信息；2向计算机输入命令,
如双击、单击等,
一般窗口的组成有：（1）标题栏（2）菜单栏（3）工具栏（4）工作区（5）状态栏（6）滚动条,
图像压缩分为有损压缩和无损压缩，各有其优缺点,
有损压缩的画质会有些许的失真，但文件占用内存较小；无损压缩画质清晰，但文件会较大，具体应用要依照不同情况分析,
数据库系统的基本特点:?数据共享性、数据冗余度小、数据一致性、具有数据完整性措施、可以采用交互式或程序方式操作,
数据库系统的主要构成：DBS数据库系统=OS操作系统+DB数据库+DBMS数据库管理系统+DBA数据库管理员,
把目标程序转变成可执行文件的过程叫（）,
演示稿制作时，动画设计增添动感、带来视觉享受，给人美观，很容易了解演示文稿内容,
用好动画的原则是根据演示文稿的内容恰当的使用动画，使演示文稿更加具有感染力和表现力,
选中图表，在上方出现图表工具，选择布局选项卡，在坐标轴组中，选择主要横纵坐标轴，选取需要的一项即可,
顺序结构：从上而下，一条一条的执行,
选择结构：又分为单分支选择、双分支选择、多分支选择,
循环结构：又分直型循环和当型循环,
Frontpage、Dreamweaver（html或htm、asp）：网页制作软件Excel（xls）：电子表格统计和制作软件Access（mdb）：数据库管理软件Powerpoint（ppt）：课件制作软件Photoshop（psd）：图片编辑软件flash（flc）：动画制作和编辑软件Glodwave（wav）：声音编辑软件会声会影（avi）：视频编辑软件Word（doc）：文字编辑和处理软件InternetExplorer（简称IE）：网页浏览器Foxmail、OutlookExpress：电子邮件收发软件,
Windows的主要附件工具及其功能：录音机：记录录制声音,
计算器：科学计算机功能,
记事本：编辑文本文件,
画板：用来画图及存储屏幕打印图片,
系统工具：进行磁盘清理和碎片整理,
一般窗口的组成有：标题栏、菜单栏、工具栏、工作区、状态栏和边框,
"<xmlnamespaceprefix=""o""ns=""urn:schemas/microsoft/com:office:office"">",
(1)用备份技术来提高数据恢复时的完整性,
备份工作可以手工完成，也可以自动完成,
现有的操作系统一般都带有比较初级的备份系统，如果对备份要求高，应购买专用的系统备份产品,
由于备份本身含有不宜公开的信息，备份介质也是偷窃者的目标，因此，计算机系统允许用户的某些特别文件不进行系统备份，而做涉密介质备份,
"<xmlnamespaceprefix=""o""ns=""urn:schemas/microsoft/com:office:office"">(2)防病毒",
定期检查网络系统是否被感染了计算机病毒，对引导软盘或下载软件和文档应加以安全控制，对外来软盘在使用前应进行病毒诊断,
同时要注意不断更新病毒诊断软件版本，及时掌握、发现正在流行的计算机病毒动向，并采取相应的有效措施,
(3)补丁程序,
及时安装各种安全补丁程序，不要给入侵者以可乘之机,
(4)提高物理环境安全,
保证计算机机房内计算机设备不被盗、不被破坏，如采用高强度电缆在计算机机箱穿过等技术措施,
(5)在局域网中安装防火墙系统,
防火墙系统包括软件和硬件设施，平时需要加以监察和维护,
(6)在局域网中安装网络安全审计系统,
在要求较高的网络系统中，网络安全审计系统是与防火墙系统结合在一起作为对系统安全设置的防范措施,
"(7)仔细阅读""系统日志""",
对可疑活动一定要仔细分析，如有人在试图访问一些不安全的服务端口，利用Finger、Tftp或用Debug手段访问用户邮件服务器等,
对此系统管理员应加以关注和分析,
(8)加密,
加密的方法很多可视要求而定，如:通讯两端设置硬件加密机、对数据进行加密预处理等,
2014年6月，“超级网银”授权漏洞风波爆发，安徽的陈女士在网购时被骗子诱导进行了“超级网银”授权支付操作，短短24秒内10万元被骗,
事实上，“超级网银”是一种标准化跨银行网上金融服务产品，能方便用户实时跨行管理不同的银行账户,
问题在于一旦有不法分子恶意利用“超级网银”，就可以将对方账户余额全部偷走,
业内评论指出，银行的风险提示和安全防护能力仍有待加强，用户的风险防范意识也亟须进一步提高,
2014年8月，有人通过乌云提交漏洞称，国内一大批快捷酒店开房记录被泄露，泄露住客开房信息的如家等酒店全部或者部分使用了浙江慧达驿站网络有限公司开发的酒店WiFi管理、认证管理系统，慧达驿站在服务器上实时存储了这些酒店客户的记录，包括客户名、身份证号、开房日期和房间号等隐私信息,
随之而来的，在线查询部分酒店住客信息的网站也开始出现，并迅速在网上流传,
泄露的已经泄露了，对于中招者来说，姓名、身份证号、手机号都不是能随便换掉的,
或许就开了一次房，留下的是长远的伤害,
2014年9月工信部颁布了《电话用户真实身份信息登记规定》和《电信和互联网用户个人信息保护规定》，“手机实名制”一度被解读为对虚开号卡、垃圾短信、诈骗短信等行为的一种遏制,
奇怪的是政策实施了两个多月，用户手机中的垃圾短信并没有消停，究其原因竟是伪基站作怪,
该事件引发舆论关注后，全国多地公安部门迅速行动，接连破获多起非法基站案件，查获了一批伪基站,
继续，伪基站已经成为垃圾短信的主要源头，而这些伪基站不仅对市民日常生活造成骚扰，甚至威胁了其财产安全，也对通信运营商的网络质量和安全，以及一些金融机构的形象造成了恶劣影响,
2014年9月安卓系统WebView开发接口引发的挂马漏洞为例，看看一长串中招的应用名单：手机QQ、微信、百度、快播，以及QQ浏览器、360手机浏览器、UC浏览器、金山猎豹浏览器等绝大多数手机浏览器,
血淋淋的事实也告诉我们，不靠谱的链接千万不要点,
对手机来说：中招很危险，后果很严重,
加强自我的防范意识，在现阶段上网时，首先，注意如非必要，不要填写过于真实的个人信息或只进行简单填写，切记避免网上随意填写表格的现象；其次，尽量选择安全保障能力强的网站储存重要的个人信息，如果必须进行信息往来的，但对其保护措施不了解的情况，争取能够与委托对象签订保密责任，这样就会对自己的利益建立起一个保护屏障等,
只有树立起“防人之心”的意识，你的个人隐私才有较好的保障,
另外还要注意以下几点：注册名当我们在网络上注册ID的时候，很容易暴露我们的身份信息,
有些同学甚至图省事，以自己的手机号或者QQ号为网名，在这种情况下，自己的重要信息不经意之间就已经泄露殆禁用cookies网站搜集用户数据主要利用cookies，这是计算机自带的一项功能，用于辨别用户的身份,
"我们可对Cookie进行适当设置：打开""工具/Internet选项""中的""隐私""选项卡（注意该设置只在IE6.0中存在，其他版本IE可以单击""工具/Internet选项",
协议本质上无非是一种网上交流的约定，由于联网的计算机类型可以各不相同，各自使用的操作系统和应用软件也不尽相同，为了保持彼此之间实现信息交换和资源共享，它们必须具有共同的语言，交流什么、怎样交流及何时交流，都必须遵行某种互相都能够接受的规则,
常用协议折叠编辑本段TCP/IP协议折叠毫无疑问是这三大协议中最重要的一个，作为互联网的基础协议，没有它就根本不可能上网，任何和互联网有关的操作都离不开TCP/IP协议,
不过TCP/IP协议也是这三大协议中配置起来最麻烦的一个，单机上网还好，而通过局域网访问互联网的话，就要详细设置IP地址，网关，子网掩码，DNS服务器等参数,
TCP/IP尽管是目前最流行的网络协议，但TCP/IP协议在局域网中的通信效率并不高，使用它在浏览“网上邻居”中的计算机时，经常会出现不能正常浏览的现象,
此时安装NetBEUI协议就会解决这个问题,
NetBEUI折叠即NetBiosEnhancedUserInterface，或NetBios增强用户接口,
它是NetBIOS协议的增强版本，曾被许多操作系统采用，例如WindowsforWorkgroup、Win9x系列、WindowsNT等,
NETBEUI协议在许多情形下很有用，是WINDOWS98之前的操作系统的缺省协议,
NetBEUI协议是一种短小精悍、通信效率高的广播型协议，安装后不需要进行设置，特别适合于在“网络邻居”传送数据,
所以建议除了TCP/IP协议之外，小型局域网的计算机也可以安上NetBEUI协议,
另外还有一点要注意，如果一台只装了TCP/IP协议的WINDOWS98机器要想加入到WINNT域，也必须安装NetBEUI协议,
IPX/SPX协议折叠本来就是Novell开发的专用于NetWare网络中的协议，但是现在也非常常用//大部分可以联机的游戏都支持IPX/SPX协议，比如星际争霸，反恐精英等等,
虽然这些游戏通过TCP/IP协议也能联机，但显然还是通过IPX/SPX协议更省事，因为根本不需要任何设置,
除此之外，IPX/SPX协议在局域网络中的用途似乎并不是很大.如果确定不在局域网中联机玩游戏，那么这个协议可有可无,
第一层:物理层(PhysicalLayer)折叠规定通信设备的机械的、电气的、功能的和规程的特性，用以建立、维护和拆除物理链路连接,
具体地讲，机械特性规定了网络连接时所需接插件的规格尺寸、引脚数量和排列情况等;电气特性规定了在物理连接上传输bit流时线路上信号电平的大小、阻抗匹配、传输速率距离限制等;功能特性是指对各个信号先分配确切的信号含义，即定义了DTE和DCE之间各个线路的功能;规程特性定义了利用信号线进行bit流传输的一组操作规程，是指在物理连接的建立、维护、交换信息时，DTE和DCE双方在各电路上的动作系列,
在这一层，数据的单位称为比特(bit),
第二层:数据链路层(DataLinkLayer)折叠在物理层提供比特流服务的基础上，建立相邻结点之间的数据链路，通过差错控制提供数据帧(Frame)在信道上无差错的传输，并进行各电路上的动作系列,
数据链路层主要设备:二层交换机、网桥第三层:网络层(Networklayer)折叠在计算机网络中进行通信的两个计算机之间可能会经过很多个数据链路，也可能还要经过很多通信子网,
"如果你在谈论一个IP地址，那么你是在处理第3层的问题，这是""数据包""问题，而不是第2层的""帧""",
IP是第3层问题的一部分，此外还有一些路由协议和地址解析协议(ARP),
网络层主要设备:路由器第四层:传输层(Transportlayer)折叠第4层的数据单元也称作处理信息的传输层(Transportlayer),
第4层为上层提供端到端(最终用户到最终用户)的透明的、可靠的数据传输服务,
第五层:会话层(Sessionlayer)折叠这一层也可以称为会晤层或对话层，在会话层及以上的高层次中，数据传送的单位不再另外命名，统称为报文,
第六层:表示层(Presentationlayer)折叠这一层主要解决用户信息的语法表示问题,
第七层:应用层(Applicationlayer)折叠应用层为操作系统或网络应用程序提供访问网络服务的接口,
包括输入设备中的键盘、鼠标器、扫描仪、数码相机和语音输入系统、手写输入系统、IC卡输入系统，输出设备中的显示系统、各种打印机和绘图仪，软盘存储器、硬盘存储器、外存储设备，多媒体设备中的光盘驱动器、声卡、音箱、视频卡、电视接收卡、SCSI卡及摄像头等多媒体适配器,
1：新建一个演示文稿，选择设计模板,
2：选择一个合适的应用设计模板,
3：插入一个新幻灯片，输入关于家乡的文字介绍,
4：在新幻灯片上插入关于家乡的图片，包括风景、花卉、特产等,
鼠标操作选定一个单词：在要选定的单词中双击鼠标选定一个句子：按住Ctrl，单击句中任意位置选定一行：在该行的文本选择区单击鼠标或Shift+End选定连续多行：在文本选择区单击第一行并拖到最后一行选定一个段落：双击该段对应的文本选择区或在段落中任意处三击选定任意连续文本：使用鼠标从文本的第一个字符拖动到最后一个字符选定整个文档：在文本选择区的任意位置三击鼠标或Ctrl+A选定矩形文本区：按住Alt，使用鼠标从选定区域的左上角拖动到右下角快捷键操作：Ctrl+C――复制、Ctrl+V――粘贴、Ctrl+Z――撤销、Ctrl+X――剪切、Ctrl+Y――恢复,
字符格式设置内容：字体，字号，字型的设置(加粗、下划线、倾斜)，颜色、字符间距、缩放比例、文字效果、底纹、边框等,
记事本用于纯文本文档的编辑，功能没有写字板强大，适于编写一些篇幅短小的文件，由于它使用方便、快捷，应用也是比较多的,
循环结构：循环语句使同一个语句组根据一定的条件执行若干次,
"现在高级语言主要有：c/c++,vb,dephi,java,c#等",
就C语言来说,
高级语言有如下特点：（1）语言简洁、紧凑，使用方便、灵活（2）运算符丰富（3）数据类型丰富（4）具有结构化的控制语句（5）语法限制不太严格，程序设计自由度大（6）可移植性好（7）生成目标代码质量高，程序执行效率高等,
Access：数据库管理软件flash：动画制作和编辑软件word：文字处理excel：电子表格及数据分析Powerpoint：幻灯片及课件制作Photoshop：平面图形制作、设计及编辑aotocad：计算机辅助图形设计软件Frontpage、Dreamweaver（html或htm、asp）：网页制作软件会声会影（avi）：视频编辑软件InternetExplorer（简称IE）：网页浏览器Foxmail、OutlookExpress：电子邮件收发软件,
一般窗体的主要构成：任务栏、标题栏、菜单栏、工作区域、状态栏、滚动条、窗口缩放按纽,
不同的操作系统有着不同的特点，下面介绍一下他们各自的特点：1、DOS操作系统特点：1）单用户单任务操作系统；2）16位的系统，以命令的方式运行指令；3）文件管理方便；4）系统体积小,
"压缩文件的基本原理是查找文件内的重复字节,并建立一个相同字节的""词典""文件,并用一个代码表示,比如在文件里有几处有一个相同的词""中华人民共和国""用一个代码表示并写入""词典""文件,这样就可以达到缩小文件的目的",
1、系统安全工具软件：包括杀毒软件和防火墙软件,
杀毒软件一般先对计算机进行完全的扫描，检查系统中是否存在病毒,
病毒监控安装完成后会自动运行，发现病毒会提示用户，进行查杀处理,
防火墙的主要功能如下：网络安全的屏障、强化网络安全策略、对网络存取和访问进行监控审计、防止内部信息的外泄,
2、学习工具：文献阅读、翻译、单词学习,
3、压缩工具：数据压缩的目的就是要消除信息中的冗余,
主要压缩工具：WinRar，WinZi，77//Zi,
4、即时通讯工具：与人沟通交流,
5、多媒体工具：播放视频，音乐等娱乐，阅读浏览图片处理制作，浏览网页,
6、下载工具：下载所需资源,
1、从行业的发展情况来看，移动智能终端企业应该推动产品的功能和形态向多元化拓展,
2、移动智能终端企业可以通过应用端商业模式的创新来激发用户的消费需求,
3、智能设备形式多样化，向更多行业渗透,
4、移动智能终端应用从门户型应用软件向着针对细分市场、细分人群和专业定位的方向演进,
不在不安全的地方使用账户、密码、支付等功能,
不随意连接免费的无线,
下载过程中出现的流氓软件及时清除,
不随意在网上输入详细个人信息,
不轻信陌生的的各种文件软件等等,
