userid,content,,,,,,,,
5657334,编码的过程首先用一组脉冲采样时钟信号与输入的模拟音频信号相乘，相乘的结果即输入信号在时间轴上的数字化,,,,,,,,
None66,“？”代表任何单字符*表示任何字符数,,,,,,,,
5657334,(4)动画:将静态的图像、图形及连环图画等按一定时间顺序显示而形成连续的动态画面,,,,,,,,
5502988,1.人工管理阶段：特点：数据在计算机内部不保留,,,,,,,,
4824757,officeword文字处理排版officeexcel电子表格制作和数据处理officeaccess基本的数据库处理软件officepowerpoint电子幻灯制作photoshop图像处理软件flash动画制作软件AutoCAD:绘图软件，是用于二维及三维设计、绘图的系统工具,,,,,,,,
5657334,这种查询完全由用户控制,,,,,,,,
None46,试简单说明数据库概念模型的作用和设计方法,,,,,,,,
3113136,"过程式计算机语言：COBOL/COmmonBusinessOrientedLanguage）――是数据处理领域最为广泛的程序设计语言；BASIC/Beginner‘sAll/PurposeSymbolicInstructionCode是属于高阶程式语言的一种,适用于初学者",,,,,,,,
3249445,位图：也叫做点阵图，删格图象，像素图，位图图像是由像素构成的，像素的多少将决定位图图像的显示质量和文件大小，位图图像的分辨率越高，其显示越清晰，文件所占的空间也就越大,,,,,,,,
5309274,表达实际事物,,,,,,,,
5785148,4.2014年8月12日，1400万快递数据遭贩卖：警方破获了一起信息泄露案件，犯罪嫌疑人通过快递公司官网漏洞，登录网站后台，然后再通过上传（后门）工具就能获取该网站数据库的访问权限，获取了1400万条用户信息，除了有快递编码外，还详细记录着收货和发货双方的姓名、电话号码、住址等个人隐私信息，而拿到这些数据仅用了20秒的时间,,,,,,,,
None11,a,,,,,,,,
2865514,它可以将图像、电子表格文件、文档、图表等各种文件附加到数据库记录中,,,,,,,, 
1767855,5、可以用/*…..*/的形式为C程序的任何一部份作注释.,,,,,,,,
None13,文件处理：电脑用户在删除文件以及处理废弃电脑时，一定要注意使用以下方法，对文件和电脑硬盘进行不可恢复性处理,,,,,,,,
None41,10、自动编号型：追加记录时能自动填充的一系列数字一般用于主关键字,,,,,,,,
5344187,"（2）磁盘清理和碎片整理记事本：“记事本”是Windows附件中用来创建编辑文本文件的程序,生成.TXT扩展名纯文本文件",,,,,,,,
3588599,单击“确定”按钮,,,,,,,,
None67,试分析讨论自定义序列的设计方法（例如按自定义的课程顺序如数学、计算机、代数、英语排序）,,,,,,,,
3202601,3、选择文本区域需调节时，按住Shift键并单击新的终点或按住Shift键并按箭头键扩展或收缩选择区域,,,,,,,,
5785148,"1.""顶端居左，四周型文字环绕""2.""顶端居中，四周型文字环绕""3.""顶端居右，四周型文字环绕""4.""中间居左，四周型文字环绕""5.""中间居中，周型文字环绕""6.""中间居右，四周型文字环绕""7.""底端居左，四周型文字环绕""8.""底端居中，四周型文字环绕""9.""底端居右，四周型文字环绕""",,,,,,,,
522206,这些都是基础知识，我也经常使用，测验的格式或者大小写不对，是不是有影响,,,,,,,,
None11,该公司表示，黑客网络攻击得手的eBay数据库不包含客户任何财务信息――比如信用卡号码之类的信息,,,,,,,,
5785148,可采取交叉别查询向导和设计视图完成,,,,,,,,
2865514,可以分为整型、长整型、单精度型、双精度型等,,,,,,,,
1767855,多用户、多任务的操作系统,,,,,,,,
2806546,分为杀毒软件和防火墙,,,,,,,,
1668794,3、UNIX操作系统UNIX为用户提供了一个分时的系统以控制计算机的活动和资源，并且提供一个交互，灵活的操作界,,,,,,,,
3140313,word///用于文档编辑,,,,,,,,
5657334,可以表达文字信息，说明的更加清楚,,,,,,,,
5933378,4、日期和时间：表示从50年到9999年之间的任意日期和时间，用于存放日期和时间数据,,,,,,,,
5657334,由于音频信号是一种连续变化的模拟信号，而计算机只能处理和记录二进制的数字信号，因此，由自然音源而得的音频信号必须经过一定的变化和处理，变成二进制数据后才能送到计算机进行再编辑和存贮,,,,,,,,
3113136,寻求数学模型的实质是分析问题，从中提取操作的对象，并找出这些操作对象之间含有的关系，然后用数学的语言加以描述,,,,,,,,
5819228,桌面主要构成：快捷图标、回收站、任务栏（快速启动栏、工具栏）、快捷菜单等,,,,,,,,
1767855,Access：数据库管理软件flash：动画制作和编辑软件word：文字处理excel：电子表格及数据分析Powerpoint：幻灯片及课件制作Photoshop：平面图形制作、设计及编辑aotocad：计算机辅助图形设计软件Frontpage、Dreamweaver（html或htm、asp）：网页制作软件会声会影（avi）：视频编辑软件InternetExplorer（简称IE）：网页浏览器Foxmail、OutlookExpress：电子邮件收发软件,,,,,,,,
5933378,1、数据共享性2、数据冗余度小3、数据一致性,,,,,,,,
5481417,2.设置有效性规则和有效性文本：输入数据时有时需要限定输入数据的内容，如:性别只允许输入“男”或“女”，成绩的值在0―100之间等，这些通过设置有效性规则和有效性文本实现,,,,,,,,
5785148,还可以设置项目符号或编号,,,,,,,,
5933378,电子商务采用的主要安全技术手段：防火墙技术,,,,,,,,
3140313,人们不再是面对面的、看着实实在在的货物、靠纸介质单据（包括现金）进行买卖交易,,,,,,,,
2806546,醒目原则、自然原则、适当原则、简介原则、创意原则,,,,,,,,
5933378,计算机系统的外部设备，包括输入设备中的键盘、鼠标器、扫描仪、数码相机和语音输入系统、手写输入系统、IC卡输入系统，输出设备中的显示系统、各种打印机和绘图仪，软盘存储器、硬盘存储器、外存储设备，多媒体设备中的光盘驱动器、声卡、音箱、视频卡、电视接收卡、SCSI卡及摄像头等多媒体适配器,,,,,,,,
5481417,记事本：编辑文本文件,,,,,,,,
5933378,鼠标是一种指点式输入设备，多用于Windows环境,,,,,,,,
5785148,目的是：一方面可以避免单个用户长时间地占用网络线路；另一方面，可以在传输出错时不必重新传送全部信息，只需重传出错的信息包就行了,,,,,,,,
2865514,Word是MicrosoftOffice的一个部分，编辑功能强大，支持文字、图片、表格等的混合编辑,,,,,,,,
5785148,可以分为整型、长整型、单精度型、双精度型等,,,,,,,,
None35,即生成一幅图形由数学方法组成的数据文件,,,,,,,,
3140313,可使用掩码向导，也可自定义输入掩码,,,,,,,,
3588599,步骤2：自定义列表,,,,,,,,
2865514,C语言是程序设计语言之一，它的功能丰富、表达力强、使用灵活方便、应用面广,,,,,,,,
2865514,OSI模型将计算机网络通信协议分为七层：1.应用层2.表示层3.会话层4.传输层5.网络层6.数据链路层7.物理层,,,,,,,,
None63,（提示：选择数据区的列数>行数或行数>列数检验）,,,,,,,,
5819228,数据结构与算法呈相互依托的关系，恰当的确立了问题的结构，问题的解决才能根据确立的层次结构选择合适的解决方法,,,,,,,,
3249445,答：数据库系统的基本特点:?数据共享性、数据冗余度小、数据一致性、具有数据完整性措施、可以采用交互式或程序方式操作,,,,,,,,
2806546,字段大小为8个字节，由系统自动设置,,,,,,,,
3140313,6.自动编号型：自动编号型字段用于存放系统为记录绑定的顺序号,,,,,,,,
5309274,经常用于充当图像元素，如计算机程序中的按钮和控件,,,,,,,,
1767855,大纲视图：显示文档的大纲，可创建大纲并检查WORD文档结构，进行文本“升级”,,,,,,,,
1668794,MacOS是首个在商用领域成功的图形用户界面操作系统,,,,,,,,
5530998,"Word具有强大的文字编辑能力,功能最为强大",,,,,,,,
5933378,可使用掩码向导，也可自定义输入掩码,,,,,,,,
3140313,（2）函数体，即函数首部下面的大括号“{}”内的部份,,,,,,,,
1767855,项目符号：放在文本或图形前以添加强调效果的点或其他符号,,,,,,,,
5657334,(2)图像:通过描述画面中各个像素的亮度和颜色等组成的数据文件,,,,,,,,
3113136,附件主要包括如下工具：1、系统工具：用来进行系统还原、磁盘清理和整理磁盘碎片,,,,,,,,
1767855,"Shift+左键单击任务栏图标，打开一个新的实例；鼠标中键单击任务栏图标，作用同上；Ctrl+Shift+左键单击任务栏图标，以管理员权限打开一个新的实例；Shift+右键单击任务栏图标，打开像XP/Vista那样的窗口控制菜单(即最大化,最小化,关闭等);对于未打开的快捷方式，则弹出针对快捷方式的右键菜单；shift+右键单击任务栏分组，打开像XP/Vista那样的窗口控制菜单(即最大化组,最小化组,关闭组)；ctrl+在任务栏分组上滚动滚轮，在本组中的不同窗口/标签之间切换",,,,,,,,
2865514,2、数字型：数学计算的数值数据，用来存储由整数、实数等可以进行计算的数据,,,,,,,,
3140313,插入“图表选项”/布局//选择“坐标抽”，分类（X）轴点“自动”,,,,,,,,
3113136,DOS操作系统及特点：最早的操作系统，特点是命令提示界面进行运行管理，在操作系统中占有很重要的地位,,,,,,,,
2677897,后续的作业认真对待就好了，一次测验也没多少分，就是知识别忘记学习,,,,,,,,
2901207,操作系统的主要类型及其特点有：1、DOS操作系统：1）单用户、单任务；2）命令行界面；3）文件管理方便；4）系统体积小,,,,,,,,
5309274,2.设置有效性规则和有效性文本：输入数据时有时需要限定输入数据的内容，如:性别只允许输入“男”或“女”，成绩的值在0―100之间等，这些通过设置有效性规则和有效性文本实现,,,,,,,,
5785148,计算时必须引用同一张表中的其他字段,,,,,,,,
3249445,6.自动编号型：自动编号型字段用于存放系统为记录绑定的顺序号,,,,,,,,
5309274,?（问号）表示任何单个字符例如，sm?th查找“smith”和“smyth”*（星号）表示任何字符数例如，*east查找“Northeast”和“Southeast”~（波形符）表示后跟?、*或~问号、星号或波形符例如，“fy91~?”将会查找“fy91?,,,,,,,,
5785148,可以表达文字信息，说明的更加清楚,,,,,,,,
None41,包含文本或数字文本，其中文本型数字不能进行计算,,,,,,,,
1767855,批注：对部分文字或操作（删除、增加文字等）进行注解、诠释修订：修订是指修改格式、删除或增加内容,,,,,,,,
5502988,1、数据共享性2、数据冗余度小3、数据一致性,,,,,,,,
2806546,高级语言及特点C#：面向对象、类型安全、组件技术、自动内存管理、跨平台异常处理、版本控制、代码安全管理，即时编译和本地代码Cache方案比JAVA虚拟机具有绝对的性能优势；Java：Java是一种可以撰写跨平台应用软件的面向对象的程序设计语言,,,,,,,,
5785148,智能手机出货将远超传统手机终端将向定制化发展终端融合化和云化发展趋势更加明显行业应用专用终端将是新兴市场终端紧密服务于业务将是大势所趋未来终端的竞争将是平台竞争,,,,,,,,
None19,它规定了计算机通过网络进行通信的方式,,,,,,,,
2865514,数据库系统的构成：DBS（数据库系统）=OS（操作系统）+DB（数据）+DBMS（数据库管理喜用）+DBA（数据库管理员）,,,,,,,,
3113136,众所周知，计算机的程序是对信息进行加工处理,,,,,,,,
2865514,批注对部分文字或操作进行修改,,,,,,,,
5434992,DBS,,,,,,,,
None37,方便分析和使用,,,,,,,,
None85,写字板是Windows自带的一个工具，只带有一些基本的文字处理功能，支持rtf格式，是word的雏形，容量较记事本大,,,,,,,,
None51,特点：（1）数据结构化；（2）数据的共享性高，冗余度低，易扩充；（3）数据独立性高；（4）数据由DBMS统一管理和控制,,,,,,,,
None29,位图：也叫做点阵图，删格图象，像素图，位图图像是由像素构成的，像素的多少将决定位图图像的显示质量和文件大小，位图图像的分辨率越高，其显示越清晰，文件所占的空间也就越大,,,,,,,,
5785148,人为创造的表现形式,,,,,,,,
5481417,选中图表，在上方出现图表工具，选择布局选项卡，在坐标轴组中，选择坐标轴，相应的横纵坐标轴中，选其他主要横坐标轴选项或其他主要纵坐标轴选项，选取自动即可.,,,,,,,,
5933378,5、货币型：小数点左达到15位，小数点右达到44位，货币计算,,,,,,,,
5785148,4、记事本：编辑文本文件,,,,,,,,
5785148,取样量化编码由于音频信号是一种连续变化的模拟信号，而计算机只能处理和记录二进制的数字信号，因此，由自然音源而得的音频信号必须经过一定的变化和处理，变成二进制数据后才能送到计算机进行再编辑和存贮,,,,,,,,
5309274,6、视频:可视信号，即计算机屏幕上显示出来的动态信息，如动态图形、动态图像、动画等,,,,,,,,
3249445,答：.文本型：文本型字段用来存放字符串数据，存放最大长度为255个字符,,,,,,,,
5657334,你可以对整个幻灯片、某个画面或者某个幻灯片对象（包括文本框、图表、艺术字和图画等）应用动画效果,,,,,,,,
3140313,次坐标轴的作用：精确定位图标的X，Y轴，清晰分析数据,,,,,,,,
5933378,像PrivacyMark和TrackerScan这样的网络安全工具还有很大的上升空间,,,,,,,,
3588599,大纲视图：显示文档的大纲，可创建大纲并检查word文档结构，进行文本“升级”,,,,,,,,
5481417,但是可以保存多种格式，记事本用于纯文本文档的编辑，功能没有写字板强大，适于编写一些篇幅短小的文件，由于它使用方便、快捷，应用也是比较多的,,,,,,,,
5502988,分栏：分成各块的版面，利于形象化自由表达,,,,,,,,
3140313,Photoshop///用于图片处理,,,,,,,,
5785148,Windows8桌面WindowsXP在2001年10月25日发布，2004年8月24日发布服务包2，2008年4月21日发布最新的服务包3,,,,,,,,
2657017,编号：文本不同单位的符号，方便查阅,,,,,,,,
None87,试分析讨论一般程序的主要流程控制结构,,,,,,,,
5882720,系统工具：（1）系统还原系统还原可以监视系统以及某些应用程序文件的改变，并自动创建易于识别的还原点,,,,,,,,
3202601,右键单击形成快捷菜单,,,,,,,,
None49,数据库设计人员负责数据库中数据的确定、数据库各级模式的设计,,,,,,,,
2806546,准备好关于家乡的文字、图片等等素材，然后选择合适的模板，第一页标题页可以选择有家乡特色的美景作为背景图片，然后可以介绍家乡所处地域，可以以地图形式标出，后面可以逐步介绍家乡的特色、特产等等各个方面，当然中间要用好已有的素材,,,,,,,,
5933378,它不仅可以进行中英文文档的编辑，而且还可以图文混排，插入图片、声音、视频剪辑等多媒体资料,,,,,,,,
None11,事故发生期间，超过85%的用户遭遇了DNS故障，引发网速变慢和打不开网站的情况,,,,,,,,
5657334,格式刷：快速复制格式，用它“刷”格式，可以快速将指定段落或文本的格式延用到其他段落或文本上，让我们免受重复设置之苦！样式：属于已经预设好的内容，直接套用，方便简洁，节约时间,,,,,,,,
2806546,在大数据时代到来以后，隐私泄露会更加严重，除非你不上网，否则在技术上无法做到完全的保护,,,,,,,,
2806546,即生成一幅图形由数学方法组成的数据文件,,,,,,,,
3249445,2、标识对象,,,,,,,,
1585210,"桌面主要构成：快捷图标、回收站、任务栏、快捷菜单窗体主要构成：标题栏、菜单栏、工具栏、工作区、状态栏、滚动条,通知区域",,,,,,,,
None35,可以表达文字信息，说明的更加清楚,,,,,,,,
5646100,DOS操作系统是最早的操作系统，特点是命令提示界面进行运行管理，在操作系统中占有很重要的地位,,,,,,,,
3588599,单击“添加”按钮,,,,,,,,
5481417,它关联着数据仓库的逻辑模型和物理模型两方,,,,,,,,
2806546,(2)图像:通过描述画面中各个像素的亮度和颜色等组成的数据文件,,,,,,,,
None83,字体，字号，字型的设置(加粗、下划线、倾斜)，颜色、字符间距、缩放比例、文字效果、底纹、边框，颜色、背景色、边框和底纹、段落、首字下浮，文字效果,,,,,,,,
2657017,记事本：编辑文本文件,,,,,,,,
3140313,网络协议的作用：为了进行网络中的数据交换而建立的规则、标准,,,,,,,,
2865514,？代表字符,,,,,,,,
5785148,对于开发人员来说，web就是平台，所有现有的web应用可以完美的在ChromeOS中运行，开发者也可以用不同的开发语言为其开发新的web应用,,,,,,,,
522206,这两个都不对,,,,,,,,
1668794,3、双击：快速连续的按两下鼠标左键，常用于启动某个选定的应用程序，或打开鼠标指针指向的文件,,,,,,,,
5933378,中国农业大学（http://www.cau.edu.cn）的TCP/IP协议类型：TCP/传输控制协议、IP/网际协议、HTTP/超文本传输协议,,,,,,,,
5309274,2、右键单击激活属性等其它快捷功能,,,,,,,,
2806546,对国家和政府而言，加强立法，完善隐私保护机制是十分必要和有效的,,,,,,,,
3140313,一般窗体的主要构成：任务栏、标题栏、菜单栏、工作区域、状态栏、滚动条、窗口缩放按纽,,,,,,,,
2657017,分栏：文本页面的分割，页面布局的美化，方便审阅,,,,,,,,
None77,大纲视图：显示文档的大纲，可创建大纲并检查WORD文档结构，进行文本“升级”,,,,,,,,
3140313,2.段落对齐,,,,,,,,
5933378,默认值：添加新记录时自动向此字段分配指定值,,,,,,,,
5933378,国际标准化组织ISO(InternationalStandardsOrganization)在80年代提出的开放系统互联参考模型OSI(OpenSystemInterconnection)，这个模型将计算机网络通信协议分为七层：物理层数据链路层网络层传输层会话层表示层应用层,,,,,,,,
3140313,有损方法非常适合于自然的图像，例如一些应用中图像的微小损失是可以接受的（有时是无法感知的），这样就可以大幅度地减小位速,,,,,,,,
5785148,其基本思想是把信息分割成一个个不超过一定大小的信息包来传送,,,,,,,,
5785148,矢量图的清晰度与分辨率的大小无关，对矢量图进行缩放时，图形对象仍保持原有的清晰度和光滑度，不会发生任何偏差，如图所示是放大了4倍的矢量图效果,,,,,,,,
None77,WEB版式视图：类似网页，不显示页码和章节号信息，超链接显示为带下划线文,,,,,,,,
5785148,Linux它的最大的特点在于他是一个源代码公开的自由及开放源码的操作系统，其内核源代码可以自由传播,,,,,,,,
5657334,3、备注型：包含长度在64000个字符内的文本字符串，应用于长文本,,,,,,,,
5309274,它把模拟信号转换成数字信号的过程称为模/数转换，它主要包括：采样：在时间轴上对信号数字化；量化：在幅度轴上对信号数字化；编码：按一定格式记录采样和量化后的数字数据,,,,,,,,
3295466,图文混排:就是将文字与图片混合排列，图片在文字周围、下方、上方等,,,,,,,,
3113136,"脚本语言：HTML（HypertextMarkupLanguage）/是用于描述网页文档的超文本标记语言；JavaScript/是一种通用的、基于原型的、面向对象的脚本语言；VBScript/是MicrosoftVisualBasicScriptingEdition的简称,是HTML文件中使用的一种VB脚本语言",,,,,,,,
5502988,数据的共享性高，冗余度低，易扩充,,,,,,,,
None57,试分析讨论演示稿制作时，动画设计的作用和用好动画的原则,,,,,,,,
2677897,图文混排:就是将文字与图片混合排列，文字可在图片的四周、嵌入图片下面、浮于图片上方等,,,,,,,,
5785148,一个流行Linux发行版――Ubuntu桌面经历数年的披荆斩棘，自由开源的Linux系统逐渐蚕食以往专利软件的专业领域，例如以往计算机动画运算巨擘──SGI的IRIX系统已被Linux家族及贝尔实验室研发小组设计的九号计划与Inferno系统取代，皆用于分散表达式环境,,,,,,,,
5819228,资料来源：百度百科,,,,,,,,
3249445,数字签名技术,,,,,,,,
3249445,4、标识对象信息模型E/R图,,,,,,,,
5785148,批注：对部分文字操作，批注插入到文档的页边距处出现的批注框中,,,,,,,,
5502988,但是可以保存多种格式，记事本用于纯文本文档的编辑，功能没有写字板强大，适于编写一些篇幅短小的文件，由于它使用方便、快捷,,,,,,,,
None82,试分析讨论字符格式的主要设置内容,,,,,,,,
3249445,人为创造的表现形式,,,,,,,,
5657334,1：创建一个演示文稿，选择设计模板,,,,,,,,
5785148,数据的共享性高，冗余度低，易扩充,,,,,,,,
6502425,用它“刷”格式，可以快速将指定段落或文本的格式延用到其他段落或文本上，让我们免受重复设置之苦！样式：是指用有意义的名称保存的字符格式和段落格式的集合，这样在编排重复格式时，先创建一个该格式的样式，然后在需要的地方套用这种样式，就无须一次次地对它们进行重复的格式化操作了,,,,,,,,
2657017,录音机：记录录制声音,,,,,,,,
3113136,字符格式的主要设置内容：字体，字号，字型的设置(加粗、下划线、倾斜)，颜色、字符间距、缩放比例、文字效果、底纹、边框，颜色、背景色、边框和底纹、段落、首字下浮，文字效果等等,,,,,,,,
3113136,3、双击：快速连续的按两下鼠标左键，常用于启动某个选定的应用程序，或打开鼠标指针指向的文件,,,,,,,,
2806546,并表示，如用户因此产生损失，携程将赔偿,,,,,,,,
3249445,自动编号型字段的数据无需输入，系统为该记录自动编号,,,,,,,,
2806546,2.备注型：存放字符长度超过255个字符，最多存储64000个字符,,,,,,,,
3249445,2.设置有效性规则和有效性文本：输入数据时有时需要限定输入数据的内容，如:性别只允许输入“男”或“女”，成绩的值在0―100之间等，这些通过设置有效性规则和有效性文本实现,,,,,,,,
5785148,我个人认为Word功能最多，因为word支持文字、图片、表格等的混合编辑,,,,,,,,
2806546,多媒体工具作用：播放视频，音乐等娱乐，阅读浏览图片处理制作，浏览网页,,,,,,,,
3249445,答：1)补丁程序,,,,,,,,
5933378,逻辑建模是数据仓库实施中的重要一环，它能直接反映出业务部门的需求，同时对系统的物理实施有着重要的指导作用，它的作用在于可以通过实体和关系勾勒出企业的数据蓝图,,,,,,,,
1668794,大纲视图：显示文档的大纲，可创建大纲并检查WORD文档结构，进行文本“升级”,,,,,,,,
3249445,然后对采样以后的信号幅值进行量化,,,,,,,,
2806546,该域名对应的实际IP地址：114.215.217.115,,,,,,,,
5819228,因为xBase类的语言，如dBase、Clipper等，当时还无法在Windows上运行，于是成为市场上的霸主；delphi：全新的可视化编程环境提供了一种方便、快捷的Windows应用程序开发工具,,,,,,,,
5933378,设置有效性规则和有效性文本：输入数据时有时需要限定输入数据的内容,,,,,,,,
2806546,比如：刻录工具Nero，刻录音乐，视频等,,,,,,,,
2657017,可分鼠标和键盘选择,,,,,,,,
None9,如需进行支付或重要操作时，免费WIFI不要连，尽量采用数据接入方式,,,,,,,,
5309274,BMP：基本位图格式，没有压缩,,,,,,,,
3249445,仅有加密技术还不足以保证商务信息传递的安全，在确保信息完整性方面，数字签名技术占据着不可替代的位置,,,,,,,,
5309274,2、图像:通过描述画面中各个像素的亮度和颜色等组成的数据文件,,,,,,,,
3249445,(6)视频:可视信号，即计算机屏幕上显示出来的动态信息，如动态图形、动态图像、动画等,,,,,,,,
5933378,并表示，如用户因此产生损失，携程将赔偿,,,,,,,,
2806546,"Windows操作系统是目前微型计算机最常用的操作系统，特点是（1）多任务处理（2）图形用户界面（3）有效的内存管理（4）支持多种文件系统格式（FAT32,TFS)（5）支持多媒体应用（6）支持网络应用",,,,,,,,
3113136,"（单用户、单任务、命令行界面）UNIX操作系统及特点：（1）良好的可移植性（2）多用户、多任务（3）内核短小精悍（4）采用树形结构的文件系统（5）把设备如同文件一样对待（6）安全机制完善（7）提供了丰富的网络功能（8）有图形用户界面和命令行操作界面Windows操作系统及特点：（1）多任务处理（2）图形用户界面（3）有效的内存管理（4）支持多种文件系统格式（FAT32,NTFS)（5）支持多媒体应用（6）支持网络应用Linux操作系统及特点：Linux是源代码公开，可以免费获得的自由软件",,,,,,,,
5434992,数据的共享性高，冗余度低，易扩充,,,,,,,,
2865514,图文混排:就是将文字与图片混合排列，图片在文字的中间或文字在图片上下两侧,,,,,,,,
3249445,防火墙系统包括软件和硬件设施，平时需要加以监察和维护,,,,,,,,
None23,电子商务的发展是建立在网络发展的基础上的，电子商务的实现更是离不开网络，网络技术是电子商务的关键技术之一,,,,,,,,
5309274,循环结构――循环语句使同一个语句组根据一定的条件执行若干次,,,,,,,,
5657334,键盘、鼠标、显示器、声卡、显卡、显示器、扬声器、硬盘摄像头扫描仪数码相机数码摄像机刻录机触摸屏打印机,,,,,,,,
2806546,修订：修订是指修改格式、删除或增加内容,,,,,,,,
3249445,目前数字签名的应用主要有数字摘要、数字签名和数字时间戳技术,,,,,,,,
5785148,节：文本的章节，便于不同格式的排版与阅读文档,,,,,,,,
2806546,UNIX系统由内核、shell、应用程序组成，内核是位于硬件之上的第一层软件，内核可以按其功能划分为6部分，即存储管理、进程管理、进程通信、中断陷阱与系统调用、输入输出管理和文件系统,,,,,,,,
5933378,数据控制能力：应用程序自己控制3.数据库管理阶段：特点：数据结构化,,,,,,,,
None25,对经量化器A/D变换后的信号再进行编码，即把量化的信号电平转换成二进制码组，就得到了离散的二进制输出数据序列x(n)，n表示量化的时间序列，x(n)的值就是n时刻量化后的幅值，以二进制的形式表示和记录,,,,,,,,
None75,节：文章的章节，如果要单独更改例如行编号、列数或页眉和页脚等属性，请创建一个新的节，可在其中设置某些页面格式选项,,,,,,,,
3249445,答：图标选项”，选择“坐标抽”，分类（X）轴点,,,,,,,,
None71,试分析讨论图文混排的主要方式,,,,,,,,
None41,9、OLE对象：用于存放图片等二进制信息,,,,,,,,
5933378,它把模拟信号转换成数字信号的过程称为模/数转换，它主要包括:采样:在时间轴上对信号数字化;量化:在幅度轴上对信号数字化;编码:按一定格式记录采样和量化后的数字数据,,,,,,,,
5657334,5、可以采用交互式或程序方式操作数据库系统的构成：DBS（数据库系统）=OS（操作系统）+DB（数据）+DBMS（数据库管理喜用）+DBA（数据库管理员）,,,,,,,,
1767855,2、一个函数由两部份组成：（1）函数的首部、即函数的第一行,,,,,,,,
5502988,Windows主要鼠标动作和作用：1、左键单击、双击打开或关闭或最小化目标文件或文件夹和网页,,,,,,,,
5961728,1、系统工具：磁盘清理和碎片整理,,,,,,,,
3140313,记事本和写字板工具与word工具的各自用途和差异：Word是商用办公套件MicrosoftOffice中的一个组件，功能强大而且丰富，支持多种文件格式，多用于企业的办公,,,,,,,,
6094183,我提交的作业答案也存在这样的问题,,,,,,,,
5309274,"有9周环绕方式：1.""顶端居左，四周型文字环绕""2.""顶端居中，四周型文字环绕""3.""顶端居右，四周型文字环绕""4.""中间居左，四周型文字环绕""5.""中间居中，周型文字环绕""6.""中间居右，四周型文字环绕""7.""底端居左，四周型文字环绕""8.""底端居中，四周型文字环绕""9.""底端居右，四周型文字环绕""",,,,,,,,
2865514,8、附件型：任何受支持的文件类型,,,,,,,,
5903196,插入几张新幻灯片，插入家乡美的图片和文字介绍，为幻灯片上的对象设置动画效果,,,,,,,,
3295466,4.首字下沉,,,,,,,,
2806546,软件：多媒体计算机的操作系统必须在原基础上扩充多媒体资源管理与信息处理的功能,,,,,,,,
2806546,在获利的同时，电商如何对用户信息进行保护引发人们思考,,,,,,,,
5309274,计算机存储位图像实际上是存储图像的各个像素的位置和颜色数据等到信息，所以图像越清晰，像素越多，相应的存储容量也越大,,,,,,,,
None37,Access的主要设计过程：确定创建数据库的目的、确定数据库中需要的表、确定该表中需要的字段、确定主关键字和确定表之间的关系等步骤,,,,,,,,
5933378,云计算的出现，智能手机的存储不再是问题,,,,,,,,
3113136,而信息的表示和组织又直接关系到处理信息的程序的效率,,,,,,,,
5309274,一般可将图形看作是图像的抽象,,,,,,,,
5344187,系统工具：（1）系统还原系统还原可以监视系统以及某些应用程序文件的改变，并自动创建易于识别的还原点,,,,,,,,
5435253,进入“图标选项”，选择“坐标抽”，分类（X）轴点“自动”,,,,,,,,
2806546,n数据访问按文件名，存取以记录为单位，共享性差、冗余度大n记录内有结构，整体无结构n数据控制能力：应用程序自己控制3.数据库管理阶段：特点：数据结构化v数据的共享性高，冗余度低，易扩充v数据独立性高v数据由DBMS统一管理和控制,,,,,,,,
5785148,MacOS是首个在商用领域成功的图形用户界面,,,,,,,,
3202601,real：视频软件word：文字处理excel：电子表格及数据分析Powerpoint：幻灯片及课件制作Photoshop：平面图形制作、设计及编辑aotocad：计算机辅助图形设计软件...等等,,,,,,,,
2806546,GIF：经过压缩，网页图像的常用式,,,,,,,,
2806546,4.日期/时间型：用于存放日期、时间、或日期时间的组合,,,,,,,,
2657017,数据独立性高,,,,,,,,
2806546,11.附件型：可以添加多个声音、视频和照片文件,,,,,,,,
6072195,数据结构和算法是相互依托和联系的，数据结构为算法提供逻辑运行路线和框架，算法则是按照数据结构对目的的实现选择合适的操作方法和运算过程,,,,,,,,
5344187,写字板：“写字板”能创建打开Word文档、RTF文档和文本格式文件等,,,,,,,,
5309274,位图在放大到一定限度时会发现它是由一个个小方格组成的，这些小方格被称为像素点，一个像素是图像中最小的图像元素,,,,,,,,
5785148,2014年1月22日，微软在美国旧金山举行发布会，正式发布了Windows10消费者预览版,,,,,,,,
5933378,图像压缩可以是有损数据压缩也可以是无损数据压缩,,,,,,,,
3113136,如何快速有效地选择需要处理的文本是大家都关心的问题，在此笔者介绍几种选择文本的方法,,,,,,,,
3140313,模拟音频//经过采样（将时间上连续的取值变为有限个离散取值的过程）、量化（将经采样后幅度上无限多个连续的样值变为有限个离散值的过程）、编码（）//数字音频,,,,,,,,
1767855,3、循环结构：循环语句使同一个语句组根据一定的条件执行若干次（分为直到型循环和当型循环）,,,,,,,,
2865514,6、是否型：取“是”或“否”之一的逻辑值，只含两值之一的数据,,,,,,,,
5309274,大纲视图：显示文档的大纲，可创建大纲并检查WORD文档结构，进行文本“升级”,,,,,,,,
5933378,3.2014年6月，免费WiFi存陷阱，窃取用户手机中的敏感信息：黑客通过公共场所免费WiFi诱导用户链接而获取手机中银行卡、支付宝等账户信息从而盗取资金的消息，引发了网民对于免费WiFi安全性的担忧,,,,,,,,
None41,6、是否型：取“是”或“否”之一的逻辑值，只含两值之一的数据,,,,,,,,
5785148,3、计算器：科学计算机功能,,,,,,,,
5882720,选择结构：分支语句根据一定的条件决定执行哪一部分的语句序列（分为单分支选择、双分支选择和多分支选择）,,,,,,,,
3202601,修订：是直接对文章进行更改，并以其他颜色的形式显示，不仅能看出那些地方修改了，还可以选择接受或者不接受修改,,,,,,,,
5819231,支持网络应用、支持多媒体应用,,,,,,,,
3170018,用的较少,,,,,,,,
None11,安全专家表示，由于并非所有运行Bash的电脑都存在漏洞，所以受影响的系统数量或许不及“心脏流血”,,,,,,,,
None35,音频:声音信号，即相应于人类听觉可感知范围内的频率,,,,,,,,
5646100,5、画板：用来画图及存储屏幕打印图片,,,,,,,,
5657334,4：在网上搜索关于家乡的图片，包括风景、花卉、特产等,,,,,,,,
5481417,Word是MicrosoftOffice中的一个组件，功能十分强大，多用于对文字信息进行加工处理，可以进行图文混排、表格处理，支持多种格式，也可以进行相应的转换，文件格式多为.doc,,,,,,,,
5481417,WORD中的以下文档视图：页面视图：此视图为文档默认视图，显示的文档页面与打印时完全相同.,,,,,,,,
2806546,5、画图：用来画图及存储屏幕打印图片,,,,,,,,
None52,数据控制能力：应用程序自己控制2.文件管理阶段：特点：数据可长期保存在外存上,,,,,,,,
1668794,还可以设置项目符号或编号,,,,,,,,
3140313,2、标识对象,,,,,,,,
None93,试例举主要的操作系统和特点,,,,,,,,
5481417,8.OLE对象：用来链接或嵌入OLE对象,,,,,,,,
5530998,格式刷：快速复制格式，可以快速将指定段落或文本的格式延用到其他段落或文本上,,,,,,,,
5309274,1.设置字段的输入掩码：用来限制用户输入数据的格式，并可对数据输入做更多的控制以保证输入正确的数据,,,,,,,,
5481417,n数据与程序有了一定的独立性，但独立性差，数据的逻辑结构改变必须修改应用程序,,,,,,,,
5657334,批注和修订的主要作用：批注对部分文字或操作（删除、增加文字等）进行注解、诠释；修订是指修改格式、删除或增加内容,,,,,,,,
6072195,三种结构：1、顺序结构：语句由语句序列组成，程序执行时，按照语句的顺序，从上而下，一条一条地顺序执行,,,,,,,,
5882720,循环结构：循环语句使同一个语句组根据一定的条件执行若干次（分为直到型循环和当型循环）,,,,,,,,
None61,试分析和讨论次坐标轴的作用,,,,,,,,
5481417,n数据访问按文件名，存取以记录为单位，享性差、冗余度大n记录内有结构，整体无结构n数据控制能力：应用程序自己控制3.数据库管理阶段：特点：数据结构化v数据的共享性高，冗余度低，易扩充v数据独立性高v数据由DBMS统一管理和控制,,,,,,,,
3113136,高级语言是从人类的逻辑思维角度出发的计算机语言，抽象程度大大提高，需要经过编译成特定机器上的目标代码才能执行，一条高级语言的语句往往需要若干条机器指令来完成,,,,,,,,
None41,它可以将图像、电子表格文件、文档、图表等各种文件附加到数据库记录中,,,,,,,,
5434992,客观实际的概念抽象,,,,,,,,
6072195,特点：（1）数据可以长期保存；（2）由文件系统管理数据；（3）数据共享性差，冗余度大；（4）数据独立性差3.数据库系统阶段,,,,,,,,
5933378,由于音频信号是一种连续变化的模拟信号，而计算机只能处理和记录二进制的数字信号，因此，由自然音源而得的音频信号必须经过一定的变化和处理，变成二进制数据后才能送到计算机进行再编辑和存贮,,,,,,,,
5530998,分栏：一个页面分开多个版面，节约版面，易阅读查看,,,,,,,,
None49,（3）软件：包括操作系统、数据库管理系统及应用程序,,,,,,,,
5481417,Excel（xls）：电子表格统计和制作软件flash（flc）：动画制作和编辑软件Word（doc）：文字编辑和处理软件网页浏览器：InternetExplorer（简称IE）上网时进行网页浏览AutoCAD:绘图软件，是用于二维及三维设计、绘图的系统工具,,,,,,,,
None25,它把模拟信号转换成数字信号的过程称为模/数转换，它主要包括:采样:在时间轴上对信号数字化;量化:在幅度轴上对信号数字化;编码:按一定格式记录采样和量化后的数字数据,,,,,,,,
3140313,IPX/SPX协议就是Novell开发的专用于NetWare网络中的协议,,,,,,,,
None41,可以分为整型、长整型、单精度型、双精度型等,,,,,,,,
3140313,1、中国农业大学（http://www.cau.edu.cn）的TCP/IP协议类型：TCP/传输控制协议、IP/网际协议、HTTP/超文本传输协议,,,,,,,,
2865514,选择结构：又分为单分支选择、双分支选择、多分支选择,,,,,,,,
5819228,仔细体会一下，就会发现算法与数据结构间的紧密性,,,,,,,,
5933378,1、文本型：用来存放字符串数据，存放最大长度为255个字符,,,,,,,,
7460333,技术进步：信息在疯狂爆炸，然而防止隐私泄露的技术还是裹步不前,,,,,,,,
None34,试分析计算机主要媒体类型和各自的用途,,,,,,,,
5819228,Word是MicrosoftOffice中的一个组件，功能十分强大，多用于对文字信息进行加工处理，可以进行图文混排、表格处理，支持多种格式，也可以进行相应的转换,,,,,,,,
3249445,数据结构、数据操作和完整性约束是构成数据模型的三要素,,,,,,,,
5819231,摄像头、夏娜、显示器、打印机、扫描仪、绘图仪、触摸屏、数码相机、扬声器、鼠标,,,,,,,,
3113136,4、拖动：按住鼠标左键不放，同时移动鼠标，将鼠标指向另一个位置，常用于对选定对象从一个地方移动或复制到另一个地方,,,,,,,,
5933378,对于一些对网站运营无用的信息，应该把选择权交回用户手中，让用户自己选择是否开放自己的信息,,,,,,,,
3249445,下载技术演变：1.主从架构方式2.断点续传方式3.多线程并行方式：如网络蚂蚁4.镜像服务器方式主要压缩工具：winrar、360压缩、WinZip、7/Zip,,,,,,,,
5785388,2、录音机：录制声音,,,,,,,,
3202601,类如筛选出高数和代数，可用通配符“？数”进行筛选，“？”代表任何单字符,,,,,,,,
5530998,页面视图：此视图为文档默认视图，显示的文档页面与打印时完全相同.,,,,,,,,
5510344,aotocad：计算机辅助图形设计软件,,,,,,,,
None13,多个邮箱：如果你频繁使用同一个邮箱在不同网站进行操作，数据挖掘和分析最终还是能找到你,,,,,,,,
5646100,"Windows操作系统是目前微型计算机最常用的操作系统，特点是（1）多任务处理（2）图形用户界面（3）有效的内存管理（4）支持多种文件系统格式（FAT32,TFS)（5）支持多媒体应用（6）支持网络应用",,,,,,,,
5530998,修订也是一种操作，所以修订的过程在修订完成后也将以批注的形式在文段附近展示,,,,,,,,
5933378,而多媒体技术，是指采用计算机技术，将各种媒体以数字化的方式集成在一起，从而使计算机具有了能同时获取、处理、编辑、存储和展示多体信息的能力,,,,,,,,
2657017,滚轴单击，锁定页面,,,,,,,,
None29,矢量图的清晰度与分辨率的大小无关，对矢量图进行缩放时，图形对象仍保持原有的清晰度和光滑度，不会发生任何偏差，如图所示是放大了4倍的矢量图效果,,,,,,,,
3249445,答：使用设计器创建表：先设计表结构，然后修改属性，最后录入数据使用数据表视图创建表：直接点击添加，修改字段类型、属性和字段名，最后录入数据通过数据导入创建表：点击获取外部数据，选择要导入数据的类型，按向导导入即可,,,,,,,,
5933378,节：文章的章节，如果要单独更改例如行编号、列数或页眉和页脚等属性，请创建一个新的节，可在其中设置某些页面格式选项,,,,,,,,
5785148,如徽标、美工插图、工程绘图,,,,,,,,
3140313,5、画板：用来画图及存储屏幕打印图片,,,,,,,,
3249445,答：(1)文本:由语言文字和符号字符组成的数据文件,,,,,,,,
5933378,可采取交叉别查询向导和设计视图完成,,,,,,,,
1767855,阅读视图：可自由调节页面显示比例，列宽和布局，导航搜索，更改页面颜色，不允许对文档编,,,,,,,,
5819228,学习数据结构的诀要就在于掌握基本的数据结构，在解决现实问题时选择合适的结构或设计更为恰当的模型，然后根据确立的结构特性编写出算法,,,,,,,,
1668794,具体如对齐方式，缩进量，段前段后间距和行间距,,,,,,,,
None9,在公用电脑上登陆过，一定要清除COOKIES和表单信息,,,,,,,,
3140313,5、可以用/*…..*/的形式为C程序的任何一部份作注释.资料来源：百度文库,,,,,,,,
None10,试列举和分析讨论你所知道的网络安全事件,,,,,,,,
6310005,怎么在切换幻灯片的同时，也可以同时播放背景音乐呢？？谢谢,,,,,,,,
5819228,程序=数据结构+算法+程序设计方法+语言工具和环境，数据结构+算法是程序组成的基本要素,,,,,,,,
3170018,谢谢回复！,,,,,,,,
522206,2、在“画图”中，单击编辑菜单中的剪切或复制选项，则将选取区域内的内容剪切或复制到（剪切板）上,,,,,,,,
5309274,在一个图表中如果需要出现两组数值相差很大的数据以两种类型图表显示时，需要采用次坐标轴，以使相差比较大的数据所看的坐标轴不同，达到快速对数据分析的作用,,,,,,,,
2806546,"信息搜集制度改革：网站向用户收集资料,其目的是要对该信息的利用",,,,,,,,
2677897,"在打开的""图片工具""功能区的""格式""选项卡中，单击""排列""分组中的""位置""按钮，则在打开的预设位置列表中选择合适的文字环绕方式",,,,,,,,
None11,事件七、eBay数据的大泄漏2014年5月22日，eBay要求近1.28亿活跃用户全部重新设置密码，此前这家零售网站透露黑客能从该网站获取密码、电话号码、地址及其他个人数据,,,,,,,,
3113136,6、画图：它提供了完整的绘图工具和选择颜料的调色板，可以用来用来画图及存储屏幕打印图片,,,,,,,,
None49,第一类为系统分析员和数据库设计人员：系统分析员负责应用系统的需求分析和规范说明，他们和用户及数据库管理员一起确定系统的硬件配置，并参与数据库系统的概要设计,,,,,,,,
3249445,8.OLE对象：用来链接或嵌入OLE对象,,,,,,,,
5933378,"桌面主要构成：快捷图标、回收站、任务栏、快捷菜单等窗体主要构成：标题栏、菜单栏、工具栏、工作区、状态栏、滚动条,通知区域等",,,,,,,,
None72,"1.""顶端居左，四周型文字环绕""2.""顶端居中，四周型文字环绕""3.""顶端居右，四周型文字环绕""4.""中间居左，四周型文字环绕""5.""中间居中，周型文字环绕""6.""中间居右，四周型文字环绕""7.""底端居左，四周型文字环绕""8.""底端居中，四周型文字环绕""9.""底端居右，四周型文字环绕""",,,,,,,,
5785148,5：为幻灯片上的对象设置动画效果,,,,,,,,
5530998,2、Windows操作系统：1）多任务处理；2）图形用户界面；3）有效的内存格式；4）支持多文件系统各式（FAT32、NTFS）；5）支持多媒体系统；6）支持网络应用；7）可靠性强；8）支持新硬件,,,,,,,,
5785148,5.2014年9月，美国家得宝公司确认其支付系统遭到网络攻击：将近有5600万张银行卡的信息被盗，这比去年发生在Target的客户银行卡数据被盗事件还要严重,,,,,,,,
5502988,段落格式的主要设置内容：1、段落对齐左对齐、右对齐、居中对齐、分散对齐、两端对齐段落边框段落对齐方式：分别为：左对齐、居中对齐、右对齐、两端对齐、分散对齐段落内行间距段落底纹2、段落缩进3、段落行间距4、项目符号与项目编号,,,,,,,,
3170018,主要是标题和内容,,,,,,,,
5657334,页面视图：显示的文档页面与打印时完全相同.阅读视图：可自由调节页面显示比例，列宽和布局WEB版式视图：类似网页大纲视图：显示文档的大纲草稿视图：不显示页眉，页脚等信息,,,,,,,,
3249445,不要主动上传敏感信息杜绝手机流氓软件：这种软件会后台默默上传你的通话记录和聊天短信等，而且能巧妙的避过杀毒软件的查杀,,,,,,,,
2865514,数据与程序有了一定的独立性，但独立性差，数据的逻辑结构改变必须修改应用程序,,,,,,,,
6072195,3、循环结构：循环语句使同一个语句组根据一定的条件执行若干次（分为直到型循环和当型循环）,,,,,,,,
5785148,5、可以采用交互式或程序方式操作数据库系统的构成：DBS（数据库系统）=OS（操作系统）+DB（数据）+DBMS（数据库管理喜用）+DBA（数据库管理员）,,,,,,,,
5502988,数据控制能力：应用程序自己控制2.文件管理阶段：特点：数据可长期保存在外存上,,,,,,,,
5657334,5：为幻灯片上的对象设置动画效果,,,,,,,,
3249445,n数据与程序有了一定的独立性，但独立性差，数据的逻辑结构改变必须修改应用程序,,,,,,,,
5435253,7.边框和底,,,,,,,,
3295466,从鼠标的结构上可以看出，可以进行左击和右击，还有滑轮可以滑动，大部分人一看就懂,,,,,,,,
3202601,数据描述――数据结构，在程序中要指定数据类型和数据组织形式；操作描述――算法，即操作过程，操作的对象是数据，操作就是对数据按照需要的目标数据进行加工和处理,,,,,,,,
5785148,NT内核是由OS/2和OpenVMS等系统上借用来的,,,,,,,,
None49,主要构成：数据库系统一般由4个部分组成：（1）数据库（database，DB）是指长期存储在计算机内的，有组织，可共享的数据的集合,,,,,,,,
2806546,比如：腾讯QQ，MSN，新浪UC，ICQ，阿里旺旺等,,,,,,,,
5785388,动作：1、指向2、单击3、双击4、拖动作用：1、移动选择目标，可进行相应的删除、复制、黏贴，或者进行目标的打开关闭2、对目标进行拖动可进行复制删除等3、移动对窗口的最小最大化4、滚动轴滚动浏览网页等,,,,,,,,
5933378,2、录音机：录制声音,,,,,,,,
5819228,"（2）磁盘清理和碎片整理记事本：“记事本”是Windows附件中用来创建编辑文本文件的程序,生成.TXT扩展名纯文本文件",,,,,,,,
5530998,WEB版式视图：类似网页，不显示页码和章节号信息，超链接显示为带下划线文,,,,,,,,
2806546,注册名：当我们在网络上注册ID的时候，很容易暴露我们的身份信息,,,,,,,,
3140313,数据库系统的主要构成：DBS数据库系统=OS操作系统+DB数据库+DBMS数据库管理系统+DBA数据库管理员,,,,,,,,
5933378,数据库概念模型的作用：1、收集信息；2、标识对象；3、建立对象间的关系；4、标识对象信息模型，目的是建立信息结构,,,,,,,,
2806546,数据库逻辑模型的主要构成：层状模型、网状模型、关系模型三种模型,,,,,,,,
1668794,4、MAC操作系统MacOS是一套运行于苹果Macintosh系列电脑上的操作系统,,,,,,,,
3140313,5.分栏,,,,,,,,
3295466,准备好关于家乡的文字、图片等等素材，然后选择合适的模板或者自己设计,,,,,,,,
5785148,数据控制能力：应用程序自己控制3.数据库管理阶段：特点：数据结构化,,,,,,,,
5881779,C，是高级语言，也能底层开发，Java：网络开发语言，手机游戏等开发SQLServer：关系数据库管理系统的一种，MS推的,,,,,,,,
3140313,如果一个函数内有多个大括号，则最外层的一对“{}”为函数体的范围,,,,,,,,
5882720,WINXP:1图形化操作界面2多用户多任务系统3即插即用对各种外设的支持4多媒体平台系统5面向用户LINUX系统：开源，可以免费自由获取的软件多用户多任务良好的用户界面设备独立提供了丰富的网络功能可靠的安全系统,,,,,,,,
5785148,其中TCP协议用于负责网上信息的正确传输，而IP协议则是负责将信息从一处传输到另一处,,,,,,,,
2806546,可以分为整型、长整型、单精度型、双精度型等,,,,,,,,
5657334,PCM(PulseCodeModulation)脉冲编码调制是一种模数转换的最基本编码方法,,,,,,,,
5481417,10.查阅向导型：通过一个列表进行选择内容而不是输入,,,,,,,,
5435253,4.首字下沉,,,,,,,,
5785388,5、写字板：比“记事本”多了工具栏、格式栏、标尺，可以对文本进行格式化,,,,,,,,
2806546,可采取交叉别查询向导和设计视图完成,,,,,,,,
1668794,5、Linux操作系统它是目前全球最大的一个自由免费软件，其本身是一个功能可与Unix和Windows相媲美的操作系统，具有完备的网络功能，它的用法与UNIX非常相似,,,,,,,,
3113136,页面视图：此视图为文档默认视图，显示的文档页面与打印时完全相同.,,,,,,,,
1767855,：字体类型的设置、字体大小的设置、字体样式的设置以及颜色、背景色、边框和底纹、间距、段落、首字下浮、缩放比例、下划线、加粗等,,,,,,,,
2865514,Java是一种可以撰写跨平台应用软件的面向对象的程序设计语言,,,,,,,,
2806546,分为单参数和多参数，在条件行写[参数内容]操作查询：用于创建新表或者对现有表中的数据进行修改和数据维护，能批量的对数据进行导出、删除操作,,,,,,,,
5309274,可使用掩码向导，也可自定义输入掩码,,,,,,,,
5481417,编号：用顺序号作为一种识别的方法，文本编号易于阅读，查看分析而且非常整齐,,,,,,,,
3113136,它不仅可以进行中英文文档的编辑，而且还可以图文混排，插入图片、声音、视频剪辑等多媒体资料,,,,,,,,
5502988,记事本只能输入文字，不能插入图片，文件格式默认为txt,,,,,,,,
5933378,4、拖动：按住鼠标左键不放，同时移动鼠标，将鼠标指向另一个位置，常用于对选定对象从一个地方移动或复制到另一个地方,,,,,,,,
5933378,对经量化器A/D变换后的信号再进行编码，即把量化的信号电平转换成二进制码组，就得到了离散的二进制输出数据序列x(n)，n表示量化的时间序列，x(n)的值就是n时刻量化后的幅值，以二进制的形式表示和记录,,,,,,,,
1585210,3、双击：快速连续的按两下鼠标左键，常用于启动某个选定的应用程序，或打开鼠标指针指向的文件,,,,,,,,
3140313,2、录音机：记录录制声音,,,,,,,,
None33,多媒体计算机系统由多媒体计算机硬件和多媒体计算机软件两部分组成主要硬件：主机、软盘驱动器、硬盘驱动器、显示器、网卡之外，还要有音频信息处理硬件、视频信息处理硬件及光盘驱动器等部分,,,,,,,,
5785388,JAVA，目前用于大型企业的网页开发系统或手机平台游戏上，开发效率高；vb界面化，简单，初学者入门的语言，执行速度慢，可以用于一些应用程序；dephi，界面化，主要用于桌面软件的编写，有时还是编写木马的选择,,,,,,,,
None91,试分析讨论Windows主要鼠标动作和作用,,,,,,,,
None35,文本:由语言文字和符号字符组成的数据文件,,,,,,,,
5530998,太多的闪烁和运动画面会让听众注意力分散甚至感到烦躁,,,,,,,,
1668794,采用了GUI图形化操作模式，比起从前的指令操作系统如DOS更为人性化,,,,,,,,
3249445,数据库系统的主要构成：DBS数据库系统=OS操作系统+DB数据库+DBMS数据库管理系统+DBA数据库管理员,,,,,,,,
None11,据俄罗斯一个受欢迎的IT新闻网站CNews报道，论坛用户tvskit声称60%的密码是有效的，一些用户也确认在数据库里发现他们的数据,,,,,,,,
5481417,7.是/否型：用于存放逻辑数据，表示“是/否”或“真/假”,,,,,,,,
3140313,草稿视图：不显示页眉，页脚等信,,,,,,,,
5481417,5、可以采用交互式或程序方式操作数据库系统的构成：DBS（数据库系统）=OS（操作系统）+DB（数据）+DBMS（数据库管理喜用）+DBA（数据库管理员）,,,,,,,,
5933378,在获利的同时，电商如何对用户信息进行保护引发人们思考,,,,,,,,
2806546,WEB版式视图：类似网页，不显示页码和章节号信息，超链接显示为带下划线文,,,,,,,,
1668794,可用节在一页之内或两页之间改变文档的布局,,,,,,,,
3113136,（2）菜单栏位于标题栏的下边，提供了应用程序进行各种操作的菜单,,,,,,,,
3249445,对经量化器A/D变换后的信号再进行编码，即把量化的信号电平转换成二进制码组，就得到了离散的二进制输出数据序列x(n)，n表示量化的时间序列，x(n)的值就是n时刻量化后的幅值，以二进制的形式表示和记录,,,,,,,,
5785148,截止至2011年11月，根据Canalys的数据显示，iOS已经占据了全球智能手机系统市场份额的30%，在美国的市场占有率为43%,,,,,,,,
5344378,段落缩进、段落对齐、段落间距和行距、首字下沉、项目符号和段落编号、边框和底纹等,,,,,,,,
3140313,多媒体编辑工具包括字处理软件、绘图软件、图像处理软件、动画制作软件、声音编辑软件以及视频编辑软件,,,,,,,,
2806546,选中图表，在上方出现图表工具，选择布局选项卡，在坐标轴组中，选择主要横纵坐标轴，选取需要的一项即可,,,,,,,,
5785148,鼠标的基本操作包括：单击左键，点击右键，双击左键以及鼠标的滚轮使用等等,,,,,,,,
2806546,主要的网络协议：TCP/IP协议毫无疑问是这三大协议中最重要的一个，作为互联网的基础协,,,,,,,,
5785148,在大纲视图中，可折叠文档只查看到某级标题，或者扩展文档以查看整个文档，还可以通过拖动标题来移动、复制或重新组织正文,,,,,,,,
2806546,经常用于充当图像元素，如计算机程序中的按钮和控件,,,,,,,,
2806546,7.边框和底,,,,,,,,
5502988,更加准确,,,,,,,,
3140313,网络协议使网络上各种设备能够相互交换信息,,,,,,,,
2657017,修订也是一种操作，所以修订的过程在修订完成后也将以批注的形式在文段附近展示,,,,,,,,
3249445,然后在按照提纲收集相关的素材，包括视频，相片，文字等,,,,,,,,
5309274,多媒体计算机系统由多媒体计算机硬件和多媒体计算机软件两部分组成主要硬件：主机、软盘驱动器、硬盘驱动器、显示器、网卡之外，还要有音频信息处理硬件、视频信息处理硬件及光盘驱动器等部分,,,,,,,,
1767855,4、C语言书写的格式自由，可以在一行写多个语句，也可以把一个语句写在多行,,,,,,,,
5502988,节：可以在一页里面或两页之间改变文档的布局，一便进行小范围操作,,,,,,,,
2806546,2、录音机：录制声音,,,,,,,,
3140313,WEB版式视图：类似网页，不显示页码和章节号信息，超链接显示为带下划线文,,,,,,,,
5819228,顺序结构：语句由语句序列组成，程序执行时，按照语句的顺序，从上而下，一条一条地顺序执行；选择结构：分支语句根据一定的条件决定执行哪一部分的语句序列；循环结构：循环语句使同一个语句组根据一定的条件执行若干次，分为当型和直到型,,,,,,,,
5819231,终端将向定制化发展终端融合化和云化发展趋势更加明显行业应用专用终端将是新兴市场终端紧密服务于业务将是大势所趋未来终端的竞争将是平台竞争,,,,,,,,
3249445,答：局域网组网主要设备和功用：1、宽带路由器：一个作用是连通不同的网络，另一个作用是选择信息传送的线路,,,,,,,,
5502988,你可以对整个幻灯片、某个画面或者某个幻灯片对象（包括文本框、图表、艺术字和图画等）应用动画效果,,,,,,,,
2806546,比如：windows自带备份与还原工具，磁盘清理磁盘碎片整理程序，系统还原，任务管理器,,,,,,,,
5785148,注册名：当我们在网络上注册ID的时候，很容易暴露我们的身份信息,,,,,,,,
3249445,不受文本长度限制,,,,,,,,
5785148,6：设置不同幻灯片之间的切换效果,,,,,,,,
3113136,那具体的说，要将高级语言编译到什么程度呢，这又跟编译的技术有关了，既可以编译成直接可执行的目标代码，也可以编译成一种中间表示，然后拿到不同的机器和系统上去执行，这种情况通常又需要支撑环境，比如解释器或虚拟机的支持，Java程序编译成bytecode，再由不同平台上的虚拟机执行就是很好的例子,,,,,,,,
2865514,图像媒体也叫点位图或位图图像,,,,,,,,
7714111,3、计算器：他可以代替日常生活中的计算器，不仅可以用于基本计算，还可以进行高级的科学计算和统计计算,,,,,,,,
1767855,主要可以采用鼠标操作或键盘操作，键盘操作一般要采用组合键,,,,,,,,
3588599,批注：就是间接的显示在文档中的信息，是对文档中某部分内容的建议和意见,,,,,,,,
1668794,4、拖动：按住鼠标左键不放，同时移动鼠标，将鼠标指向另一个位置，常用于对选定对象从一个地方移动或复制到另一个地方,,,,,,,,
5481417,UNIX系统提供了命令行方式的用户界面，Linux沿用了这个传统界面形式,,,,,,,,
5309274,参数查询一般创建在选择查询基础上，在运行查询时会出现一个或多个对话框，要求输入查询条件,,,,,,,,
2865514,设置字段大小属性可设置能输入的最大字符个数,,,,,,,,
3140313,若要更改例如行编号、列数或页眉和页脚等属性，请创建一个新的节,,,,,,,,
None69,试分析讨论文本选择的主要方式和操作方法,,,,,,,,
5481417,文本型数字不能进行计算,,,,,,,,
3249445,编码的过程首先用一组脉冲采样时钟信号与输入的模拟音频信号相乘，相乘的结果即输入信号在时间轴上的数字化,,,,,,,,
5309274,3、图形:矢量图形的简称,,,,,,,,
5481417,你可以对整个幻灯片、某个画面或者某个幻灯片对象（包括文本框、图表、艺术字和图画等）应用动画效果,,,,,,,,
5657334,1、数据共享性2、数据冗余度小3、数据一致性,,,,,,,,
5657334,编号：给顺序号作为一种识别的方法，文本编号易于阅读，查看分析而且非常整齐,,,,,,,,
3588599,返回工作表，在活动单元格中输入自定义序列中的任意条目，并将其选中,,,,,,,,
5530998,还可以设置项目符号或编号,,,,,,,,
3249445,多个邮箱：如果你频繁使用同一个邮箱在不同网站进行操作，数据挖掘和分析最终还是能找到你,,,,,,,,
5819231,物理层数据链路层网络层传输层会话层表示层应用层,,,,,,,,
3113136,便于阅读文本，分析文本，当审阅修订和批注时，可以接受或拒绝每一项更改,,,,,,,,
5785148,类Unix系统可在非常多的处理器架构下运行，在服务器系统上有很高的使用率，例如大专院校或工程应用的工作站,,,,,,,,
None37,参数查询一般创建在选择查询基础上，在运行查询时会出现一个或多个对话框，要求输入查询条件,,,,,,,,
7460333,对国家和政府而言，加强立法，完善隐私保护机制是十分必要和有效的,,,,,,,,
5933378,数字签名技术,,,,,,,,
3249445,一般可将图形看作是图像的抽象,,,,,,,,
5785148,flash（flc）:动画制作和编辑软件常用办公软件：word用于文字处理；excel用于大数据的编辑、分析及处理；Powerpoint宣传幻灯片及课件制作网页浏览器：InternetExplorer（简称IE）上网时进行网页浏览微信和QQ：交流软件,,,,,,,,
None39,默认值：添加新记录时自动向此字段分配指定值,,,,,,,,
5309274,数据库概念模型的设计方法：采用E/R图设计,,,,,,,,
2865514,低版本的Word打不开高版本的Word,,,,,,,,
2806546,4.2014年8月12日，1400万快递数据遭贩卖：警方破获了一起信息泄露案件，犯罪嫌疑人通过快递公司官网漏洞，登录网站后台，然后再通过上传（后门）工具就能获取该网站数据库的访问权限，获取了1400万条用户信息，除了有快递编码外，还详细记录着收货和发货双方的姓名、电话号码、住址等个人隐私信息，而拿到这些数据仅用了20秒的时间,,,,,,,,
None4,试分析和了解常用工具软件的类型和作用,,,,,,,,
2901207,5、写字板：比“记事本”多了工具栏、格式栏、标尺，可以对文本进行格式化,,,,,,,,
1668794,次要坐标轴可以更精确的定位图标的X，Y轴，可以更清晰的分析数据,,,,,,,,
5502988,数据由DBMS统一管理和控制,,,,,,,,
5309274,从这个意义上来说，通过交叉汇编，一些汇编程序也可以获得不同机器之间的可移植性，但这种途径获得的移植性远远不如高级语言来的方便和实用性大,,,,,,,,
5933378,2.2014年5月，山寨网银及山寨微信大量窃取网银信息：山寨网银和山寨微信客户端，伪装成正常网银客户端的图标、界面，在手机软件中内嵌钓鱼网站，欺骗网民提交银行卡号、身份证号、银行卡有效期等关键信息，同时，部分手机病毒可拦截用户短信，中毒用户面临网银资金被盗的风险,,,,,,,,
1668794,修订也是一种操作，所以修订的过程在修订完成后也将以批注的形式在文段附近展示,,,,,,,,
3140313,数据库逻辑模型的主要构成：层状模型、网状模型、关系模型三种模型,,,,,,,,
3249445,答：先要准备好一个大概提纲，想好从哪几个方面介绍家乡,,,,,,,,
2806546,数据库概念模型的作用：1、收集信息,,,,,,,,
5785148,主要的操作系统UNIX是一个强大的多用户、多任务操作系统，支持多种处理器架构，按照操作系统的分类，属于分时操作系统,,,,,,,,
3140313,音频媒体：声音信号,,,,,,,,
3249445,1次只能添加1个,,,,,,,,
2806546,WORD中的以下文档视图：页面视图：此视图为文档默认视图，显示的文档页面与打印时完全相同.,,,,,,,,
5502988,c/c++主要是底层的开发，比如操作系统或大型游戏，执行效率高；HTML（HypertextMarkupLanguage）/是用于描述网页文档的超文本标记语言；java，目前用于大型企业的网页开发系统或手机平台游戏上，开发效率高；,,,,,,,,
5785148,从这个意义上来说，通过交叉汇编，一些汇编程序也可以获得不同机器之间的可移植性，但这种途径获得的移植性远远不如高级语言来的方便和实用性大,,,,,,,,
None33,多媒体编辑工具包括字处理软件、绘图软件、图像处理软件、动画制作软件、声音编辑软件以及视频编辑软件,,,,,,,,
2865514,11、超级链接型：链接到其它文档、URL或文档内某个位置邮箱、网址和文档,,,,,,,,
3295466,记事本只能输入文字，不能插入图片，文件格式默认为txt,,,,,,,,
2806546,记事本支持文本格式，文件比较小，不受格式的限制，都能打开并且编辑写字板是windows自带的工具，可以进行文字处理和多媒体信息的编辑，支持rtf格式与txt格式，功能强大，支持图文混排Word是MicrosoftOffice中的一个组件，正版价格昂贵，但是功能十分强大，多用于对文字信息进行加工处理，支持多种格式，也可以进行相应的转换，文件格式多为.doc,,,,,,,,
3249445,答：顺序结构：几个连续的处理步骤依次排列结构；选择结构：由某个逻辑判定式的取值（条件）决定两个处理中的一个执行；循环结构：循环语句使同一个语句组根据一定的条件执行若干次,,,,,,,,
None49,第三类为最终用户，他们利用系统的接口或查询语言访问数据库,,,,,,,,
2806546,对位图图像进行放大时，放大的只是像素点，位图图像的四周会出现锯齿状,,,,,,,,
5933378,注册名：当我们在网络上注册ID的时候，很容易暴露我们的身份信息,,,,,,,,
5785148,那具体的说，要将高级语言编译到什么程度呢，这又跟编译的技术有关了，既可以编译成直接可执行的目标代码，也可以编译成一种中间表示，然后拿到不同的机器和系统上去执行，这种情况通常又需要支撑环境，比如解释器或虚拟机的支持，Java程序编译成bytecode，再由不同平台上的虚拟机执行就是很好的例子,,,,,,,,
5933378,5.2014年9月，美国家得宝公司确认其支付系统遭到网络攻击：将近有5600万张银行卡的信息被盗，这比去年发生在Target的客户银行卡数据被盗事件还要严重,,,,,,,,
None41,11、超级链接型：链接到其它文档、URL或文档内某个位置邮箱、网址和文档,,,,,,,,
2806546,下载工具作用：下载所需资源,,,,,,,,
5481417,11.附件型：声音、视频和照片文件,,,,,,,,
5785388,1、DOS操作系统特点：1）单用户单任务操作系统；2）16位的系统，以命令的方式运行指令；3）文件管理方便；4）系统体积小,,,,,,,,
5933378,数据是面向应用的，一组数据对应一个应用程序，数据冗余大而且不共享,,,,,,,,
5785148,它包含两个主要的部分：Darwin，是以BSD原始代码和Mach微核心为基础，类似Unix的开放原始码环境,,,,,,,,
None85,但是可以保存多种格式，记事本用于纯文本文档的编辑，功能没有写字板强大，适于编写一些篇幅短小的文件，由于它使用方便、快捷,,,,,,,,
2806546,数据结构完全可以只讲数据的存储方法和算法的逻辑逻辑过程，可以不涉及具体实现过程，在实现一种数据的存储和一个算法的求解过程时，你可以选择应用不同的程序设计语言来达到目的，同一个算法，既可以使用VB实现，也可以选择C、C++、JAVA、或者C#来实现，而在选定某一工具来实现算法时，程序设计的具体指令和方法是由所选择的程序设计语言的语法决定,,,,,,,,
None6,云计算的出现，智能手机的存储不再是问题,,,,,,,,
5819228,这些还原点允许用户将系统还原到以前的状态,,,,,,,,
5961728,2、录音机：录制声音,,,,,,,,
5309274,又分为单分支选择、双分支选择和多分支选择,,,,,,,,
5502988,选择结构：分支语句根据一定的条件决定执行哪一部分的语句序列（分为单分支选择、双分支选择和多分支选择）,,,,,,,,
3249445,有损方法非常适合于自然的图像，例如一些应用中图像的微小损失是可以接受的(有时是无法感知的)，这样就可以大幅度地减小位速,,,,,,,,
3588599,如图，请问作业是在word里完成后复制到答题位置还是要转换成PDF？如果格式转化的情况，又怎么进行学员间的互评？可以提供一些同学互评的评分细节吗？,,,,,,,,
3249445,答：单击左键可以打开目标文件，也可以双击快速打开，中间的滚轮可以滚动阅读界面，鼠标右键三击在word里可以选取全文等,,,,,,,,
5309274,阅读视图：可自由调节页面显示比例，列宽和布局，导航搜索，更改页面颜色，不允许对文档编,,,,,,,,
5502988,程序=数据结构+算法+程序设计方法+语言工具和环境程序设计是数据结构的基础和实现方法,,,,,,,,
3140313,数据库概念模型的设计方法：采用E/R图设计,,,,,,,,
3113136,具体操作如下：选定一个单词：在要选定的单词中双击鼠标选定一个句子：按住Ctrl，单击句中任意位置选定一行：在该行的文本选择区单击鼠标或Shift+End选定连续多行：在文本选择区单击第一行并拖到最后一行选定一个段落：双击该段对应的文本选择区或在段落中任意处三击选定任意连续文本：使用鼠标从文本的第一个字符拖动到最后一个字符选定整个文档：在文本选择区的任意位置三击鼠标或Ctrl+A选定矩形文本区：按住Alt，使用鼠标从选定区域的左上角拖动到右下角,,,,,,,,
5502988,Windows主要鼠标动作和作用：1、左键单击、双击打开或关闭或最小化目标文件或文件夹和网页,,,,,,,,
5434992,数据控制能力：应用程序自己控制3.数据库管理阶段：特点：数据结构化,,,,,,,,
2657017,DOS：特点：单用户、单任务、命令行界面windows：基于图形化用户界面的操作系统；多任务处理、图形用户界面、有效的内存管理、支持多种文件系统格式、支持多媒体应用、支持网络应用UNIX：多用户、多任务的分时操作系统；良好的可移植性；内核短小精悍；采用树形结构的文件系统；把设备如同文件一样对待；安全机制完善；提供了丰富的网络功能Linux：源代码公开，可以免费获得的自由软件,,,,,,,,
5819228,C语言诞生后，许多原来用汇编语言编写的软件，现在都可以用C语言编写了（如UNIX操作系统），而学习和适用C语言要比学习和适用汇编语言容易得多,,,,,,,,
2901207,6、画图：它提供了完整的绘图工具和选择颜料的调色板，可以用来用来画图及存储屏幕打印图片,,,,,,,,
None45,数据库逻辑模型的主要构成：层状模型、网状模型、关系模型三种模型,,,,,,,,
2657017,字体，字号，字型的设置(加粗、下划线、倾斜)，颜色、字符间距、缩放比例、文字效果、底纹、边框，颜色、背景色、边框和底纹、段落、首字下浮，文字效果等,,,,,,,,
5933378,它规定了计算机通过网络进行通信的方式,,,,,,,,
5933378,(2)图像:通过描述画面中各个像素的亮度和颜色等组成的数据文件,,,,,,,,
5785148,此外，在该视图方式下还可以应用Word2000创建和编辑Web页面,,,,,,,,
5435253,而记事本/写字板只能算作是word的一小部分功能,,,,,,,,
None35,一般可将图形看作是图像的抽象,,,,,,,,
5785148,3、网卡、网线：作用是将数据分解为数据包再发送至网络,,,,,,,,
5502988,3、滚轮拉动滚动条,,,,,,,,
3170018,抽象后的概念描述及关系描述,,,,,,,,
3295466,WEB版式视图：类似网页，不显示页码和章节号信息，超链接显示为带下划线文,,,,,,,,
2806546,"压缩的原理：是把文件的二进制代码压缩，把相邻的0,1代码减少，比如有000000,可以把它变成6个0的写法60,来减少该文件的空间",,,,,,,,
5933378,字符格式的设置内容主要有：字体类型的设置、字体大小的设置、字体样式的设置以及颜色、背景色、边框和底纹、间距、段落、首字下浮、缩放比例、下划线、加粗等,,,,,,,,
5785388,3、UNIX操作系统：1）良好的可移植性；2）多用户、多任务；3）内核短小精悍；4）采用树形的文件系统管理文件；5）把设备如同文件一样管理；6）安全机制完善；7）提供了丰富的网络功能；8）提供了完美而强大的文本处理工具,,,,,,,,
5785148,段落格式主要包括：缩进和间距、换行和分页，版式设置,,,,,,,,
5933378,数据库逻辑模型的作用：是着重用逻辑的过程或主要的业务来描述对象系统，描述系统要“做什么”，或者说具有哪些功能,,,,,,,,
3113136,数据描述――数据结构，在程序中要指定数据类型和数据组织形式；操作描述――算法，即操作过程，操作的对象是数据，操作就是对数据按照需要的目标数据进行加工和处理,,,,,,,,
5785388,计算机语言的发展是从低级语言向高级语言过度的过程，机器语言、汇编语言属于低级语言，机器语言是直接用二进制代码指令表达的计算机语言，汇编语言是面向机器,,,,,,,,
2806546,5.分栏,,,,,,,,
5530998,段落格式主要包括：缩进和间距、换行和分页，版式设置,,,,,,,,
5344187,这些还原点允许用户将系统还原到以前的状态,,,,,,,,
2806546,计算机系统的外部设备，包括输入设备中的键盘、鼠标器、扫描仪、数码相机和语音输入系统、手写输入系统、IC卡输入系统，输出设备中的显示系统、各种打印机和绘图仪，软盘存储器、硬盘存储器、外存储设备，多媒体设备中的光盘驱动器、声卡、音箱、视频卡、电视接收卡、SCSI卡及摄像头等多媒体适配器,,,,,,,,
5657334,然后对采样以后的信号幅值进行量化,,,,,,,,
5481417,4、拖动：按住鼠标左键不放，同时移动鼠标，将鼠标指向另一个位置，常用于对选定对象从一个地方移动或复制到另一个地方,,,,,,,,
2806546,网络连接设备：把网络中的通信线路连接起来网络操作系统：向网络计算机提供服务?,,,,,,,,
5657334,4、具有数据完整性措施,,,,,,,,
5819228,如树型逻辑结构是用指针表示还是使用数组实现,,,,,,,,
1767855,没有行号（但可以有标号），书写的缩进没有要求,,,,,,,,
5502988,5：为幻灯片上的对象设置动画效果,,,,,,,,
3113136,2、选择单词、句子、汉字片断、段落、行或整个文档,,,,,,,,
3588599,利用自动填充柄填充即可,,,,,,,,
3113136,2、单击：迅速按下鼠标左键，常用于选定鼠标指针指向的某个对象或命令,,,,,,,,
5435253,Word是商用办公套件MicrosoftOffice中的一个组件，具有强大的文字编辑能力,,,,,,,,
2806546,"循环结构：while,dowhile循环语句使同一个语句组根据一定的条件执行若干次",,,,,,,,
3249445,分为单参数和多参数，在条件行写[参数内容]操作查询：用于创建新表或者对现有表中的数据进行修改和数据维护，能批量的对数据进行导出、删除操作,,,,,,,,
5819231,图形化界面、有效的内存管理、支持多种系统文件格式NTFS等,,,,,,,,
5481417,输入“？”代表单字符，输入“*”代表任意字符.,,,,,,,,
3170018,页面视图较常用,,,,,,,,
None58,醒目原则、自然原则、适当原则、简介原则、创意原则,,,,,,,,
7460333,禁用cookies：网站搜集用户数据主要利用cookies，这是计算机自带的一项功能，用于辨别用户的身份,,,,,,,,
5502988,写字板是Windows自带的一个工具，只带有一些基本的文字处理功能，支持rtf格式，是word的雏形，容量较记事本大,,,,,,,,
5434992,1.人工管理阶段：特点：数据在计算机内部不保留,,,,,,,,
2657017,选定一个单词：在要选定的单词中双击鼠标选定一个句子：按住Ctrl，单击句中任意位置选定一行：在该行的文本选择区单击鼠标或Shift+End选定连续多行：在文本选择区单击第一行并拖到最后一行选定一个段落：双击该段对应的文本选择区或在段落中任意处三击选定任意连续文本：使用鼠标从文本的第一个字符拖动到最后一个字符选定整个文档：在文本选择区的任意位置三击鼠标或Ctrl+A选定矩形文本区：按住Alt，使用鼠标从选定区域的左上角拖动到右下角,,,,,,,,
5785148,数据控制能力：应用程序自己控制2.文件管理阶段：特点：数据可长期保存在外存上,,,,,,,,
None52,数据无结构,,,,,,,,
3295466,记事本：编辑文本文件,,,,,,,,
5657042,谢谢,,,,,,,,
5657334,5、货币型：小数点左达到15位，小数点右达到44位，货币计算,,,,,,,,
5785148,"样式:样式总体来说,就是统一格式,相当于进行一个预先格式规定,可以自定义段落\字体等内容.例如:我们预先对一篇文章的标题进行了样式的设定并把此样式命名为标题样保存在了模板中,此时要对另一篇文章的标题也应用同样的样式就可以先选中此文章的标题,单击格式工具栏最左边的下拉框(就是正文的那个)选择我们先前保存的样式名标题样单击一下即可把该文章的标题也应用同样的样式.格式刷:格式刷的功能基本同样式差不多,也是复制格式的,如我们把一篇文章的前两段设为三号宋体,想把后两段也设为三号宋体可选中前两段后双击格式刷进行格式复制,再把光标定在后两段上面进行拖动即可.(注:双击格式刷可以把复制的格式连续应用,单击只能用一次).不同的是样式所复制的格式可以随源文件样式的改变而改变,而格式刷不可以.",,,,,,,,
None35,图形:矢量图形的简称,,,,,,,,
3202601,画图、录音机,,,,,,,,
5344187,"选择整篇文档：将光标移至文档左侧，当光标变为小箭头形状时三击;另外,按【Ctrl+A】组合键也可选择整篇文档内容",,,,,,,,
None94,试分析和讨论操作系统的主要功能,,,,,,,,
5502988,选中图表，在上方出现图表工具，选择布局选项卡，在坐标轴组中，选择坐标轴，相应的横纵坐标轴中，选其他主要横坐标轴选项或其他主要纵坐标轴选项，选取自动即可,,,,,,,,
3295466,5.分栏,,,,,,,,
5785148,电子商务的发展是建立在网络发展的基础上的，电子商务的实现更是离不开网络，网络技术足电子商务的关键技术之一,,,,,,,,
2806546,2、右键单击激活属性等其它快捷功能,,,,,,,,
3113136,批注：对部分文字操作，批注插入到文档的页边距处出现的批注框中,,,,,,,,
5502988,2、右键单击激活属性等其它快捷功能,,,,,,,,
3249445,答：多媒体计算机系统由多媒体计算机硬件和多媒体计算机软件两部分组成主要硬件：主机、软盘驱动器、硬盘驱动器、显示器、网卡之外，还要有音频信息处理硬件、视频信息处理硬件及光盘驱动器等部分,,,,,,,,
5657334,表达实际事物,,,,,,,,
None60,4：在网上搜索关于家乡的图片，包括风景、花卉、特产等,,,,,,,,
3249445,(4)动画:将静态的图像、图形及连环图画等按一定时间顺序显示而形成连续的动态画面,,,,,,,,
2677897,"这些文字环绕方式包括""顶端居左，四周型文字环绕""、""顶端居中，四周型文字环绕""、""中间居左，四周型文字环绕""、""中间居中，周型文字环绕""、""中间居右，四周型文字环绕""、""底端居左，四周型文字环绕""、""底端居中，四周型文字环绕""、""底端居右，四周型文字环绕""九种方式这是我查询的资料，希望对大家有帮助",,,,,,,,
5657334,它把模拟信号转换成数字信号的过程称为模/数转换，它主要包括:采样:在时间轴上对信号数字化;量化:在幅度轴上对信号数字化;编码:按一定格式记录采样和量化后的数字数据,,,,,,,,
5435253,数据结构是问题的核心，是算法的基础,,,,,,,,
3249445,对位图图像进行放大时，放大的只是像素点，位图图像的四周会出现锯齿状,,,,,,,,
None23,而是通过网络，通过网上琳琅满目的商品信息、完善的物流配送系统和方便安全的资金结算系统进行交易（买卖）,,,,,,,,
5785148,11、超级链接型：链接到其它文档、URL或文档内某个位置邮箱、网址和文档,,,,,,,,
3295466,"有9周环绕方式：1.""顶端居左，四周型文字环绕""2.""顶端居中，四周型文字环绕""3.""顶端居右，四周型文字环绕""4.""中间居左，四周型文字环绕""5.""中间居中，周型文字环绕""6.""中间居右，四周型文字环绕""7.""底端居左，四周型文字环绕""8.""底端居中，四周型文字环绕""9.""底端居右，四周型文字环绕""",,,,,,,,
5933378,鼠标的基本操作有四种：1、指向：将鼠标指针移动到屏幕的某个特定的位置或对象上，为下一个操作作准备,,,,,,,,
5933378,数据控制能力：应用程序自己控制2.文件管理阶段：特点：数据可长期保存在外存上,,,,,,,,
5933378,(4)动画:将静态的图像、图形及连环图画等按一定时间顺序显示而形成连续的动态画面,,,,,,,,
5309274,数据模型应满足三方面要求：一是能比较真实地模拟现实世界；二是容易为人所理解；三是便于在计算机上实现,,,,,,,,
5435253,又分为单分支选择、双分支选择和多分支选择,,,,,,,,
3140313,DOS操作系统是最早的操作系统，特点是命令提示界面进行运行管理，在操作系统中占有很重要的地位,,,,,,,,
None23,此外还有Web浏览技术、安全技术、数据库技术、电子支付技术等,,,,,,,,
5933378,用它“刷”格式，可以快速将指定段落或文本的格式延用到其他段落或文本上，让我们免受重复设置之苦！样式：是指用有意义的名称保存的字符格式和段落格式的集合，这样在编排重复格式时，先创建一个该格式的样式，然后在需要的地方套用这种样式，就无须一次次地对它们进行重复的格式化操作了,,,,,,,,
None11,同时360互联网安全中心就此呼吁，12306用户尽快修改密码，避免已经订到的火车票被恶意退票,,,,,,,,
3202601,格式刷：快速复制格式，可以快速将指定段落或文本的格式延用到其他段落或文本上,,,,,,,,
3113136,数据结构和算法是相互依托和联系的，数据结构为算法提供逻辑运行路线和框架，算法则是按照数据结构对目的的实现选择合适的操作方法和运算过程,,,,,,,,
2865514,3.数据库管理阶段：数据结构化，冗余度低，易扩充,,,,,,,,
3140313,3、计算器：科学计算机功能,,,,,,,,
1767855,样式：已经预设好的内容，直接套用，方便简洁，节约时间,,,,,,,,
3140313,"Windows操作系统是目前微型计算机最常用的操作系统，特点是（1）多任务处理（2）图形用户界面（3）有效的内存管理（4）支持多种文件系统格式（FAT32,TFS)（5）支持多媒体应用（6）支持网络应用",,,,,,,,
7460333,像PrivacyMark和TrackerScan这样的网络安全工具还有很大的上升空间,,,,,,,,
2806546,抽样：音频信号采用8KHZ采样，将模拟信号变成时间离散的信号；量化：将采样离散化，变成数字信号，通常采用非均匀量化；编码：在PCM系统中采用8位编码，一位符号，三位段落码，四位段内码，所以PCM系统每路电话的速率为8*8K=64Kb/s,,,,,,,,
5481417,构成：数据结构数据操作约束条件,,,,,,,,
5481417,3.默认值：添加新记录时自动向此字段分配指定值,,,,,,,,
5933378,阅读视图：可自由调节页面显示比例，列宽和布局，导航搜索，更改页面颜色，不允许对文档编,,,,,,,,
5657334,太多的闪烁和运动画面会让听众注意力分散甚至感到烦躁,,,,,,,,
3140313,设置字段的输入掩码：限制用户输入数据的格式，对数据输入做出控制以保证输入正确的数据,,,,,,,,
3202601,C/1972年由美国的DennisRitchie设计发明的首次在UNIX操作系统计算机上使用,,,,,,,,
5933378,(5)音频:声音信号，即相应于人类听觉可感知范围内的频率,,,,,,,,
5344187,Word是MicrosoftOffice中的一个组件，正版价格昂贵，但是功能十分强大，多用于对文字信息进行加工处理，支持多种格式，也可以进行相应的转换，文件格式多为.doc,,,,,,,,
5933378,批注和修订的主要作用：批注：对部分文字操作，批注插入到文档的页边距处出现的批注框中,,,,,,,,
2865514,3.默认值：添加新记录时自动向此字段分配指定值,,,,,,,,
5309274,可以用于很多应用程序，如网页中的图片等,,,,,,,,
5882720,Excel（xls）：电子表格统计和制作软件Access（mdb）：数据库管理软件Powerpoint（ppt）：课件制作软件Photoshop（psd）：图片编辑软件flash（flc）：动画制作和编辑软件Glodwave（wav）：声音编辑软件,,,,,,,,
2806546,比如：360杀毒，金山毒霸，卡巴斯基，瑞星，百度杀毒等，金山网镖、瑞星个人防火墙等,,,,,,,,
1767855,6.项目符号和段落编号,,,,,,,,
5785148,(5)音频:声音信号，即相应于人类听觉可感知范围内的频率,,,,,,,,
5785148,编码的过程首先用一组脉冲采样时钟信号与输入的模拟音频信号相乘，相乘的结果即输入信号在时间轴上的数字化,,,,,,,,
5344187,excel///用于数据统计，表格制,,,,,,,,
None35,人为创造的表现形式,,,,,,,,
5785148,它可以将图像、电子表格文件、文档、图表等各种文件附加到数据库记录中,,,,,,,,
5785148,便于阅读文本，分析文本，当审阅修订和批注时，可以接受或拒绝每一项更改,,,,,,,,
3295466,高级语言有如下特点：语言简洁、紧凑，使用方便、灵活运算符丰富数据类型丰富具有结构化的控制语句语法限制不太严格，程序设计自由度大可移植性好生成目标代码质量高，程序执行效率高,,,,,,,,
3113136,"逻辑式计算机语言：Prolog/ProgramminginLOGic逻辑编程语言，一门很有特色的逻辑编程语言,它的编程方法更象是使用逻辑的语言来描述程序",,,,,,,,
2865514,进入“图标选项”，选择“坐标抽”，分类（X）轴点“自动”,,,,,,,,
3295466,分栏：一个页面分开多个版面，节约版面，易阅读查看,,,,,,,,
5785148,PCM(PulseCodeModulation)脉冲编码调制是一种模数转换的最基本编码方法,,,,,,,,
2865514,3、备注型：包含长度在64000个字符内的文本字符串，应用于长文本,,,,,,,,
5502988,可分鼠标和键盘选择,,,,,,,,
2806546,比如：WinRAR，WinZip等,,,,,,,,
2865514,格式刷可以使下一段落的格式和前一段落格式相同,,,,,,,,
5785148,"根据分析系统的实际需求决策构建数据库逻辑关系模型,定义数据库物体结构及其关系",,,,,,,,
2806546,8.OLE对象：用来链接或嵌入OLE对象,,,,,,,,
5657334,附件主要包括如下工具：1、系统工具：磁盘清理和碎片整理,,,,,,,,
5785148,逻辑建模是数据仓库实施中的重要一环，它能直接反映出业务部门的需求，同时对系统的物理实施有着重要的指导作用，它的作用在于可以通过实体和关系勾勒出企业的数据蓝图,,,,,,,,
5502988,图文混排:就是将文字与图片混合排列，图片在文字周围、下方、上方等,,,,,,,,
1767855,桌面主要构成：快捷图标、回收站、任务栏（快速启动栏、工具栏）、快捷菜单等,,,,,,,,
3140313,而是通过网络，通过网上琳琅满目的商品信息、完善的物流配送系统和方便安全的资金结算系统进行交易（买卖）,,,,,,,,
5933378,数据不具独立性，完全依赖于应用程序,,,,,,,,
1668794,窗体主要构成：标题栏、菜单栏、工具栏、工作区、状态栏、滚动条等,,,,,,,,
None11,另外如果有其他重要帐号使用了和12306相同的注册邮箱和密码，也应尽快修改密码，以免遭遇盗号风险,,,,,,,,
5785148,太多的闪烁和运动画面会让听众注意力分散甚至感到烦躁,,,,,,,,
2806546,(5)音频:声音信号，即相应于人类听觉可感知范围内的频率,,,,,,,,
3113136,二、使用鼠标选择文本1、选择大块文本,,,,,,,,
None41,2、数字型：数学计算的数值数据，用来存储由整数、实数等可以进行计算的数据,,,,,,,,
None29,构成位图的最小单位是象素，位图就是由象素阵列的排列来实现其显示效果的，每个象素有自己的颜色信息，在对位图图像进行编辑操作的时候，可操作的对象是每个象素，我们可以改变图像的色相、饱和度、明度，从而改变图像的显示效果,,,,,,,,
None11,在2014年4月5日的ＸＰ挑战赛中，腾讯、金山落败360坚守成功,,,,,,,,
2806546,C语言是一种结构化语言,,,,,,,,
2865514,2.设置有效性规则和有效性文本：输入数据时有时需要限定输入数据的内容，这些通过设置有效性规则和有效性文本实现,,,,,,,,
None41,3、备注型：包含长度在64000个字符内的文本字符串，应用于长文本,,,,,,,,
1668794,它是一个单用户单任务的操作系统,,,,,,,,
1668794,目前主要的操作系统有如下几个：1、DOS操纵系统：DOS系统是1981年由微软公司为IBM个人电脑开发的，即MS/DOS,,,,,,,,
None11,这是一款先进的间谍软件，被称为史上最为复杂的后门木马恶意软件,,,,,,,,
None32,试分析多媒体计算机系统的主要组成,,,,,,,,
2806546,1.设置字段的输入掩码：用来限制用户输入数据的格式，并可对数据输入做更多的控制以保证输入正确的数据,,,,,,,,
2677897,图文混排主要是靠调整文字环绕方向这个设置得以实现的，主要分为四周型、嵌入型、紧密环绕型、衬于文字下方和浮于文字上方五类,,,,,,,,
2657017,选定一个单词：在要选定的单词中双击鼠标选定一个句子：按住Ctrl，单击句中任意位置选定一行：在该行的文本选择区单击鼠标或Shift+End选定连续多行：在文本选择区单击第一行并拖到最后一行选定一个段落：双击该段对应的文本选择区或在段落中任意处三击选定任意连续文本：使用鼠标从文本的第一个字符拖动到最后一个字符选定整个文档：在文本选择区的任意位置三击鼠标或Ctrl+A选定矩形文本区：按住Alt，使用鼠标从选定区域的左上角拖动到右下角Ctrl+C――复制Ctrl+V――粘贴Ctrl+Z――撤销Ctrl+X――剪切,,,,,,,,
5819231,？问号代表任何字符,,,,,,,,
5502988,编号：给相关联的内容编号，利于阅读,,,,,,,,
5309274,多个像素的色彩组合就形成了图像，称之为位图,,,,,,,,
5309274,选择结构――分支语句根据一定的条件决定执行哪一部分的语句序列,,,,,,,,
5785148,对国家和政府而言，加强立法，完善隐私保护机制是十分必要和有效的,,,,,,,,
2806546,6.项目符号和段落编,,,,,,,,
5785148,文件处理：电脑用户在删除文件以及处理废弃电脑时，一定要注意使用以下方法，对文件和电脑硬盘进行不可恢复性处理,,,,,,,,
5933378,2、Windows操作系统：1）多任务处理；2）图形用户界面；3）有效的内存格式；4）支持多文件系统各式（FAT32、NTFS）；5）支持多媒体系统；6）支持网络应用；7）可靠性强；8）支持新硬件,,,,,,,,
5933378,网络连接设备：把网络中的通信线路连接起来，包括网卡，集线器、交换机和路由器等网络操作系统：向网络计算机提供服务,,,,,,,,
2901207,8、步骤记录器：可详细描述电脑故障问题,,,,,,,,
2865514,数据库概念模型的作用：1、收集信息2、标识对象3、建立对象间的关系4、标识对象信息模型,,,,,,,,
None68,在不同的版本同设置编辑自定义列表的路径：office2007版本中自定义序列设置方法：左上图标/Excel选项/编辑自定义列表office2010版本中自定义序列设置方法：文件/选项/高级/编辑自定义列表将要按序的文本按顺序输入到Excel表中，剪切粘贴到记事本中，自制后打开Excel选项/编辑自定义列表/粘贴到输入序列框中/添加/确定,,,,,,,,
3295466,顺序，分支，循环,,,,,,,,
2657017,数据的共享性高，冗余度低，易扩充,,,,,,,,
None49,（4）人员：主要有4类,,,,,,,,
5785148,无数据管理软件，数据的管理由应用程序完成,,,,,,,,
5344187,批注：对部分文字或操作（删除、增加文字等）进行注解、诠释修订：修订是指修改格式、删除或增加内容,,,,,,,,
3295466,但是可以保存多种格式，记事本用于纯文本文档的编辑，功能没有写字板强大，适于编写一些篇幅短小的文件，由于它使用方便、快捷，应用也是比较多的,,,,,,,,
None68,即将序列保存到自定义序列表中,,,,,,,,
5309274,所以，说高级语言不依赖于机器，是指在不同的机器或平台上高级语言的程序本身不变，而通过编译器编译得到的目标代码去适应不同的机器,,,,,,,,
3588599,MicrosoftOfficeExcel：电子表格统计和制作软件Access：数据库管理软件Word：文字编辑和处理软件Powerpoint：课件制作软件WPS:金山文档编辑Photoshop：图片编辑软件flash：动画制作和编辑软件会声会影：视频编辑软件Frontpage、Dreamweaver：网页制作软件InternetExplorer（IE）、360安全浏览器：网页浏览器Foxmail、OutlookExpress：电子邮件收发软件WinRar：压缩与解压福昕阅读器、极速pdf阅读器：阅读文档（PortableDocumentFormat）QQ、阿里旺旺：即时通讯酷狗、暴风等音视频播放360安全卫士、腾讯电脑管家等安全杀毒,,,,,,,,
5933378,程序的三种基本控制结构：顺序结构、选择结构、循环结构1、顺序结构：语句由语句序列组成，程序执行时，按照语句的顺序，从上而下，一条一条地顺序执行,,,,,,,,
5933378,在一个图表中如果需要出现两组数值相差很大的数据以两种类型图表显示时，需要采用次坐标轴，以使相差比较大的数据所看的坐标轴不同，达到快速对数据分析的作用,,,,,,,,
5344378,具体操作如下：选定一个单词：在要选定的单词中双击鼠标选定一个句子：按住Ctrl，单击句中任意位置选定一行：在该行的文本选择区单击鼠标或Shift+End选定连续多行：在文本选择区单击第一行并拖到最后一行选定一个段落：双击该段对应的文本选择区或在段落中任意处三击选定任意连续文本：使用鼠标从文本的第一个字符拖动到最后一个字符选定整个文档：在文本选择区的任意位置三击鼠标或Ctrl+A选定矩形文本区：按住Alt，使用鼠标从选定区域的左上角拖动到右下角,,,,,,,,
3113136,（3）工具栏位于菜单栏下方，它以按扭的形式给出了用户最经常使用的一些命令,,,,,,,,
2677897,记事本支持文本格式，文件比较小，不受格式的限制，都能打开并且编辑写字板是windows自带的工具，可以进行文字处理和多媒体信息的编辑，支持rtf格式与txt格式，功能强大，支持图文混排Word是MicrosoftOffice中的一个组件，正版价格昂贵，但是功能十分强大，多用于对文字信息进行加工处理，支持多种格式，也可以进行相应的转换，文件格式多为.doc,,,,,,,,
3202601,数据结构和算法是相互依托和联系的，数据结构为算法提供逻辑运行路线和框架，算法则是按照数据结构对目的的实现选择合适的操作方法和运算过程,,,,,,,,
5657334,高级语言：不能直接操作计算机底层操作系统，编写格式不受计算机限制,,,,,,,,
2806546,次要坐标轴可以更精确的定位图标的X，Y轴，可以更清晰的分析数据,,,,,,,,
1668794,主要内容有：字体大小，字体颜色，字型设置，字符间距，上标下标，文字效果，缩放比例，边框，底纹等,,,,,,,,
5881779,浏览器：浏览网页VisualFoxPro:数据库管理系统Flash：动画制作软件微信和QQ：及时交流软件Office：办公自动化组件,,,,,,,,
5481417,5.货币型：用于存放具有双精度属性(小数位数15位)的货币数据,,,,,,,,
3140313,不受文本长度限制,,,,,,,,
5530998,记事本只能输入文字，用于纯文本文档的编辑，功能没有写字板强大，适于编写一些篇幅短小的文件，由于它使用方便、快捷，应用也是比较多的,,,,,,,,
5309274,8.OLE对象：用来链接或嵌入OLE对象,,,,,,,,
None62,次要坐标轴可以更精确的定位图标的X，Y轴，可以更清晰的分析数据,,,,,,,,
3202601,把鼠标需要排序的一列的任意单元格上，单击，然后选择自定义排序按钮单击添加，再点击确定,,,,,,,,
2865514,主机包含cpu、主板、电源、风扇、显卡、声卡等，显示器，输入输出设备，摄像头，麦克风，打印机等等,,,,,,,,
5530998,JAVA，目前用于大型企业的网页开发系统或手机平台游戏上，开发效率高；vb界面化，简单，初学者入门的语言，执行速度慢，可以用于一些应用程序；dephi，界面化，主要用于桌面软件的编写，有时还是编写木马的选择,,,,,,,,
None45,数据库逻辑模型的作用：逻辑建模是数据仓库实施中的重要一环，它能直接反映出业务部门的需求，同时对系统的物理实施有着重要的指导作用，它的作用在于可以通过实体和关系勾勒出企业的数据蓝图,,,,,,,,
5785148,数据与程序有了一定的独立性，但独立性差，数据的逻辑结构改变必须修改应用程序,,,,,,,,
5435253,进行磁盘清理器和碎片整理工具：整理磁盘内容录音机：记录输入声音计算器：计算，科学计算，进制运算记事本：编辑文本画板：画图,,,,,,,,
2806546,既可用于系统软件的开发，也适合于应用软件的开发,,,,,,,,
3113136,低版本的Word打不开高版本的Word,,,,,,,,
6072195,阅读视图：可自由调节页面显示比例，列宽和布局，导航搜索，更改页面颜色，不允许对文档编,,,,,,,,
7714111,2、录音机：录制声音,,,,,,,,
5309274,3.默认值：添加新记录时自动向此字段分配指定值,,,,,,,,
5785148,1.2014年3月26日，携程“安全门”事件：携程网被指出安全支付日志存在漏洞，导致大量用户银行卡信息泄露,,,,,,,,
5785148,MacOSXMacOSX桌面MacOS是一套运行于苹果Macintosh系列电脑上的操作系统,,,,,,,,
5933378,电子商务作为一种全新的商业应用形式，改变了传统商务的运作模式，极大地提高了商务效率，降低了交易的成本,,,,,,,,
3295466,excel///用于数据统计，表格制,,,,,,,,
5435253,批注插入到文档的页边距处出现的批注框中,,,,,,,,
2901207,3、双击：快速连续的按两下鼠标左键，常用于启动某个选定的应用程序，或打开鼠标指针指向的文件,,,,,,,,
5309274,自动编号型字段的数据无需输入，系统为该记录自动编号,,,,,,,,
3113136,鼠标的基本操作有四种：1、指向：将鼠标指针移动到屏幕的某个特定的位置或对象上，为下一个操作作准备,,,,,,,,
None11,该漏洞可被用于窃取服务器敏感信息，实时抓取用户的账号密码,,,,,,,,
5933378,3、双击：快速连续的按两下鼠标左键，常用于启动某个选定的应用程序，或打开鼠标指针指向的文件,,,,,,,,
3170018,左右键,,,,,,,,
1668794,附件主要包括如下工具：1、系统工具：用来进行系统还原、磁盘清理和整理磁盘碎片,,,,,,,,
3295466,写字板是windows自带的缩水版word，有基本功能，格式rtf或txt,,,,,,,,
2806546,此外还有Web浏览技术、安全技术、数据库技术、电子支付技术等,,,,,,,,
3249445,可以分为整型、长整型、单精度型、双精度型等,,,,,,,,
5344187,数据结构和算法是相互依托和联系的，数据结构为算法提供逻辑运行路线和框架，算法则是按照数据结构对目的的实现选择合适的操作方法和运算过程,,,,,,,,
5309274,在处理位图图像时，所编辑的是像素而不是对象或形状，它的大小和质量取决于图像中的像素点的多少，每平方英寸中所含像素越多，图像越清晰，颜色之间的混和也越平滑,,,,,,,,
5530998,然后在按照提纲收集相关的素材，包括视频，相片，文字等,,,,,,,,
3113136,2、选择结构：分支语句根据一定的条件决定执行哪一部分的语句序列（分为单分支选择、双分支选择和多分支选择）,,,,,,,,
3125415,日常生活中，智能手机用长了会出现很多状况,,,,,,,,
6193796,节：可以在一页里面或两页之间改变文档的布局，一便进行小范围操作,,,,,,,,
2806546,2.段落对齐,,,,,,,,
1767855,2、选择结构：分支语句根据一定的条件决定执行哪一部分的语句序列（分为单分支选择、双分支选择和多分支选择）,,,,,,,,
5819228,写字板：“写字板”能创建打开Word文档、RTF文档和文本格式文件等,,,,,,,,
1668794,许多人下载该源程序并按自己的意愿完善某一方面的功能，再发回网上，Linux也因此被雕琢成为成为一个全球最稳定的、最有发展前景的操作系统,,,,,,,,
None20,试分析和讨论主要网络体系结构,,,,,,,,
5933378,即生成一幅图形由数学方法组成的数据文件,,,,,,,,
5819228,画图、录音机,,,,,,,,
5502988,数据控制能力：应用程序自己控制3.数据库管理阶段：特点：数据结构化,,,,,,,,
None29,对位图图像进行放大时，放大的只是像素点，位图图像的四周会出现锯齿状,,,,,,,,
5344187,选择连续多行文本：将光标移至文本左侧，当光标变为小箭头形状时，向上或向下拖动鼠标;或楚先选择首行文本，然后按住【Shift】键单击最后一行的任意位……选择一个段落：在该段落左侧空白位置处双击，或是在该段落中任意位置处三击,,,,,,,,
5785148,并表示，如用户因此产生损失，携程将赔偿,,,,,,,,
2806546,"有9周环绕方式：1.""顶端居左，四周型文字环绕""2.""顶端居中，四周型文字环绕""3.""顶端居右，四周型文字环绕""4.""中间居左，四周型文字环绕""5.""中间居中，周型文字环绕""6.""中间居右，四周型文字环绕""7.""底端居左，四周型文字环绕""8.""底端居中，四周型文字环绕""9.""底端居右，四周型文字环绕""",,,,,,,,
1767855,具体操作如下：选定一个单词：在要选定的单词中双击鼠标选定一个句子：按住Ctrl，单击句中任意位置选定一行：在该行的文本选择区单击鼠标或Shift+End选定连续多行：在文本选择区单击第一行并拖到最后一行选定一个段落：双击该段对应的文本选择区或在段落中任意处三击选定任意连续文本：使用鼠标从文本的第一个字符拖动到最后一个字符选定整个文档：在文本选择区的任意位置三击鼠标或Ctrl+A选定矩形文本区：按住Alt，使用鼠标从选定区域的左上角拖动到右下角,,,,,,,,
5882720,数据结构完全可以只讲数据的存储方法和算法的逻辑逻辑过程，可以不涉及具体实现过程，在实现一种数据的存储和一个算法的求解过程时，你可以选择应用不同的程序设计语言来达到目的，同一个算法，既可以使用VB实现，也可以选择C、C++、JAVA、或者C#来实现，而在选定某一工具来实现算法时，程序设计的具体指令和方法是由所选择的程序设计语言的语法决定,,,,,,,,
5530998,3、计算器：他可以代替日常生活中的计算器，不仅可以用于基本计算，还可以进行高级的科学计算和统计计算,,,,,,,,
3249445,设置字段大小属性可设置能输入的最大字符个数,,,,,,,,
3140313,Windows主要版本：Windows95和Windows98?、WindowsNT（网络操作系统）、Windows2000((多种版本）、WindowsXP((适合于家庭、商业）、WindowsVista（2006年11月）?、Windows7、windows8,,,,,,,,
5819228,程序是计算机指令的某种组合，控制计算机的工作流程，完成一定的逻辑功能，以实现某种任务,,,,,,,,
5933378,可以分为整型、长整型、单精度型、双精度型等,,,,,,,,
5646100,4、记事本：编辑文本文件,,,,,,,,
2677897,谢谢您的回复,,,,,,,,
5309274,数据库系统的主要构成：DBS数据库系统=OS操作系统+DB数据库+DBMS数据库管理系统+DBA数据库管理员,,,,,,,,
3249445,分为：?更新查询?追加查询?删除查询?生成表查询，这设计视图中进行相应查询操作即可，最后返回原数据表查看结果,,,,,,,,
5481417,画板：用来画图及存储屏幕打印图片,,,,,,,,
2806546,像PrivacyMark和TrackerScan这样的网络安全工具还有很大的上升空间,,,,,,,,
2806546,程序设计是数据结构的基础和实现方法,,,,,,,,
5481417,三种结构：1、顺序结构：语句由语句序列组成，程序执行时，按照语句的顺序，从上而下，一条一条地顺序执行；2、选择结构：分支语句根据一定的条件决定执行哪一部分的语句序列；3、循环结构：循环语句使同一个语句组根据一定的条件执行若干次,,,,,,,,
2901207,4、拖动：按住鼠标左键不放，同时移动鼠标，将鼠标指向另一个位置，常用于对选定对象从一个地方移动或复制到另一个地方,,,,,,,,
5882720,"（2）磁盘清理和碎片整理记事本：“记事本”是Windows附件中用来创建编辑文本文件的程序,生成.TXT扩展名纯文本文件",,,,,,,,
5785148,"2、标题栏:在窗体的最上方,用于显示该窗体的...在VisualC++中按窗体的结构不同我们可以把它分为3种主要的窗体：SDI结构（单文档视图窗体）、MDI结构（多文档视图窗体）和Dialog结构（基于对话框的窗体）",,,,,,,,
5882720,程序设计是数据结构的基础和实现方法,,,,,,,,
3113136,修订：也是一种操作，所以修订的过程在修订完成后也将以批注的形式在文段附近展示,,,,,,,,
5933378,1.不熟悉的网站不要随意点开，更不要随便输入账户和密码2.如需进行支付或重要操作时，免费WIFI不要连，尽量采用数据接入方式3.在网站注册时，不要留有过详细的个人信息，尤其是身份证信息等重要信息4.在公用电脑上登陆过，一定要清除COOKIES和表单信息5.不要安装流氓软件，打开邮件或消息的链接要留心等,,,,,,,,
5933378,方便分析和使用,,,,,,,,
